,Outcome,Prediction,ProbA,ProbD,ProbH
6120,0,1,0.05439217911807694,0.6700366057237989,0.27557121515812427
6121,0,1,0.061616332801332455,0.9153979460994908,0.02298572109917663
6122,1,1,0.32130574780674703,0.662632016074771,0.01606223611848203
6123,1,0,0.5915590571546583,0.4077492013722434,0.0006917414730982398
6124,2,1,0.018628776807956146,0.7267026556217798,0.25466856757026396
6125,0,1,0.07556622976201606,0.7979140753863682,0.12651969485161582
6126,1,2,0.003633795210208309,0.2704740780427264,0.7258921267470653
6127,0,1,0.06550121335163554,0.8991219106870311,0.03537687596133329
6128,2,1,0.025052900322613307,0.9090634245223571,0.06588367515502958
6129,2,1,0.25686776493672303,0.7243469585607843,0.01878527650249257
6130,0,1,0.017276984067570552,0.8366981110617648,0.14602490487066455
6131,2,2,0.004747179891385174,0.3976917036606258,0.597561116447989
6132,0,1,0.0682459921101571,0.918800914813968,0.012953093075874843
6133,1,1,0.1114212592412072,0.8730751466862032,0.015503594072589536
6134,1,1,0.10017507990178764,0.8907574879367244,0.009067432161488172
6135,0,1,0.3799402068800729,0.6177752517372405,0.002284541382686717
6136,2,1,0.022447950437938104,0.741576559004288,0.23597549055777398
6137,2,2,0.00926969996270925,0.43178727556372143,0.5589430244735694
6138,2,1,0.03036471833520727,0.7743935295964907,0.1952417520683021
6139,0,1,0.011523987071326758,0.7034093361749673,0.2850666767537061
6140,0,1,0.3829986880687044,0.6079473736804811,0.009053938250814608
6141,2,1,0.07215463252690722,0.7906219334841458,0.137223433988947
6142,0,1,0.11339754223556629,0.6738896277698287,0.212712829994605
6143,1,1,0.08268175126079227,0.8311646243078017,0.08615362443140596
6144,1,1,0.03431116338420154,0.9212160014799237,0.04447283513587484
6145,1,1,0.04758400626706213,0.738882284224231,0.213533709508707
6146,0,1,0.26720052255921806,0.7284664284063328,0.004333049034449311
6147,2,1,0.05382248335890776,0.8179798475456513,0.12819766909544092
6148,1,1,0.08717333865044014,0.9026467644573801,0.010179896892179791
6149,1,1,0.013397030986127148,0.7964728956458814,0.19013007336799154
6150,0,1,0.2726634182788763,0.7059315290465031,0.021405052674620596
6151,0,1,0.027914544621002093,0.81122129720333,0.16086415817566785
6152,1,1,0.013480245982535593,0.7582353548259725,0.22828439919149204
6153,0,1,0.041980262012035294,0.7972488740198711,0.16077086396809345
6154,1,1,0.03724923100705818,0.9117950203848244,0.0509557486081176
6155,0,1,0.05661890650023626,0.9148286388030701,0.028552454696693735
6156,2,1,0.041339942684415584,0.8751396781427876,0.08352037917279684
6157,2,1,0.2725976278140803,0.7185287193597778,0.008873652826141786
6158,0,0,0.7977245305594265,0.20139043658978528,0.0008850328507881623
6159,2,1,0.0983148503557406,0.8809661663344662,0.020718983309793333
6160,0,1,0.11327000581103158,0.878306554159696,0.008423440029272332
6161,0,0,0.6154449001832552,0.38398490208916314,0.0005701977275817102
6162,2,2,0.004562775794812397,0.2894107396181021,0.7060264845870856
6163,2,2,0.00569846263429495,0.48195941260771386,0.5123421247579912
6164,2,1,0.06441853062677998,0.9160366353615936,0.01954483401162654
6165,2,1,0.021087164855516434,0.8671989535985982,0.1117138815458853
6166,2,1,0.03824168765471412,0.7725311226383849,0.189227189706901
6167,2,1,0.01828245261110834,0.7405451071242006,0.24117244026469098
6168,2,1,0.033148840894077575,0.5163406987926487,0.4505104603132737
6169,2,1,0.05668771877540957,0.6324054544269416,0.31090682679764875
6170,0,1,0.03827252441573699,0.8722890410889911,0.08943843449527211
6171,0,1,0.21703222523809343,0.7765685083710486,0.006399266390858071
6172,2,1,0.13136777323049217,0.7759219316865301,0.09271029508297784
6173,2,1,0.03878300673744389,0.8124666441860663,0.1487503490764898
6174,2,1,0.040773030049717114,0.8467868994071153,0.11244007054316758
6175,2,1,0.03730775648743673,0.9157373625507018,0.04695488096186151
6176,1,1,0.06216017249803264,0.8793276656763567,0.058512161825610594
6177,1,1,0.1319405918532496,0.861190979133608,0.006868429013142283
6178,0,1,0.10468345976131496,0.8817560383335332,0.013560501905151715
6179,1,1,0.11988607751969789,0.7450197471197487,0.13509417536055351
6180,2,1,0.014683898245736725,0.765860589381632,0.21945551237263125
6181,2,1,0.005571790444432456,0.6526304652551775,0.34179774430039
6182,0,1,0.09109546938012376,0.8095985821231333,0.09930594849674293
6183,2,1,0.07267791713851778,0.8093597841206096,0.11796229874087266
6184,0,1,0.07596546202801162,0.803377606018202,0.1206569319537865
6185,2,1,0.008061028945807448,0.7589890917621537,0.23294987929203895
6186,1,1,0.029205660804666404,0.7612389989687283,0.2095553402266053
6187,0,1,0.27720255411913386,0.7209864080288555,0.0018110378520104942
6188,2,2,0.02599419253452335,0.4855872799477447,0.4884185275177319
6189,0,1,0.25120444467281766,0.7453039225612097,0.003491632765972533
6190,2,1,0.0330062328936869,0.9130884758823711,0.05390529122394205
6191,2,2,0.0074379050637616035,0.49004800263508547,0.502514092301153
6192,2,1,0.01627233548277566,0.6740200386578683,0.3097076258593561
6193,2,1,0.06848191626009169,0.8327920142540518,0.09872606948585655
6194,2,1,0.11621992905807038,0.8460290117741706,0.037751059167759116
6195,2,1,0.06333545583943473,0.8793883674759968,0.05727617668456835
6196,2,1,0.02857527361279901,0.7856403548415247,0.18578437154567612
6197,0,1,0.3344299912223355,0.6556648336620126,0.009905175115652061
6198,2,1,0.2306246872671824,0.7658529838356416,0.003522328897176106
6199,2,2,0.00674944564681603,0.4949394526531114,0.49831110170007253
6200,1,1,0.10130257000183092,0.881245039378733,0.01745239061943621
6201,0,1,0.03887414124103602,0.6879644382351927,0.27316142052377135
6202,0,0,0.7423429680072224,0.2566033600935932,0.0010536718991843905
6203,0,1,0.23311320926931897,0.6778075881205349,0.08907920261014614
6204,2,1,0.19104802488334477,0.7979671700823985,0.010984805034256665
6205,0,1,0.07926478705253534,0.9122442518834036,0.00849096106406102
6206,2,1,0.06852444461428826,0.851225770057751,0.08024978532796082
6207,2,1,0.04512852158167694,0.9218904888328239,0.032980989585499235
6208,2,1,0.01168760750599638,0.7070966223106775,0.28121577018332616
6209,1,1,0.03676118480221544,0.8206648646193806,0.14257395057840408
6210,2,1,0.23222498753399914,0.7446082280883506,0.023166784377650285
6211,2,1,0.013915753489860403,0.623281587124546,0.3628026593855937
6212,2,1,0.09386652488288079,0.8507829511702547,0.055350523946864585
6213,0,1,0.052944129210339565,0.7981946343157955,0.14886123647386496
6214,2,1,0.04300779357495951,0.8207551477250674,0.13623705869997305
6215,1,1,0.04537205004070757,0.9256923665519481,0.028935583407344426
6216,0,1,0.030388478023055467,0.8243433835339049,0.14526813844303965
6217,0,1,0.35523163127780744,0.6378466872871906,0.006921681435002009
6218,2,1,0.020374426720146523,0.8980768737362196,0.08154869954363397
6219,0,1,0.38018846117055083,0.6115208265205688,0.008290712308880479
6220,2,1,0.22943043429230922,0.765240180945334,0.005329384762356763
6221,1,0,0.6954031761762384,0.30405683492747393,0.0005399888962877002
6222,2,1,0.009218231669201299,0.7160134401424594,0.27476832818833946
6223,2,1,0.07800921422903688,0.9114735950104934,0.010517190760469681
6224,2,1,0.04826988420084558,0.6372217150309651,0.3145084007681893
6225,2,1,0.029207142509970124,0.9073447184426163,0.06344813904741366
6226,0,1,0.12562578792233214,0.8690309021818478,0.005343309895820022
6227,1,1,0.060059438431615944,0.8246631060824353,0.11527745548594887
6228,0,1,0.04973924754165898,0.9189443840659849,0.03131636839235613
6229,2,1,0.008951101998853085,0.6064133043405266,0.38463559366062033
6230,2,1,0.14379332387675225,0.7905001549967704,0.06570652112647736
6231,2,1,0.04968980384440222,0.8644991303358376,0.08581106581976035
6232,2,1,0.008949556489818369,0.6177474301899335,0.3733030133202482
6233,2,1,0.1555915936647024,0.810660994665181,0.0337474116701165
6234,2,1,0.2259020839538958,0.7676595915697514,0.006438324476352685
6235,2,2,0.00492723332806901,0.2721105748224589,0.7229621918494721
6236,2,1,0.032139289994191494,0.7839211820275188,0.1839395279782897
6237,0,1,0.08701292740047992,0.880580359724711,0.032406712874809014
6238,2,1,0.0074486899906771155,0.711545103305654,0.2810062067036689
6239,2,1,0.045793500194649985,0.9283719149496146,0.02583458485573552
6240,1,1,0.04628970776156646,0.6479741121770142,0.3057361800614193
6241,1,1,0.12092239697562049,0.8724074935442534,0.006670109480126194
6242,2,2,0.008655665895376216,0.3582538484002301,0.6330904857043937
6243,1,1,0.23723858019426042,0.7435822096465432,0.019179210159196422
6244,2,1,0.34204221994125156,0.6562415092605753,0.0017162707981731764
6245,2,1,0.01802820520155742,0.8684204878986775,0.11355130689976516
6246,2,1,0.06265849596096115,0.9216988532590804,0.01564265077995833
6247,2,1,0.010429514051810102,0.6244767236645296,0.3650937622836604
6248,2,1,0.12118265304049053,0.8659932412988106,0.012824105660698694
6249,2,1,0.07660949489552525,0.8172270670025429,0.10616343810193196
6250,0,0,0.7108132358866182,0.28794003115621913,0.0012467329571627292
6251,0,1,0.008997696477948215,0.5408625674470768,0.4501397360749749
6252,2,1,0.024349071752924882,0.8042775291720871,0.171373399074988
6253,2,2,0.01656797274187471,0.476580710012767,0.5068513172453584
6254,1,1,0.2514277914472395,0.7436758516019808,0.004896356950779743
6255,0,2,0.0017063049867462288,0.12226744722261151,0.8760262477906422
6256,1,1,0.015922081520496695,0.8453439203797415,0.1387339980997617
6257,2,1,0.009759205785759935,0.7027175409196584,0.28752325329458167
6258,2,1,0.06458719835472307,0.8508718799898436,0.08454092165543348
6259,0,1,0.11949042941976189,0.869601587080633,0.010907983499605218
6260,1,1,0.10414799863450354,0.8867730322155264,0.009078969149969966
6261,0,1,0.07194767785996502,0.8878276613332546,0.040224660806780395
6262,0,1,0.2750201165970071,0.6993318643669484,0.02564801903604446
6263,1,1,0.2750178008265096,0.7202322386295978,0.004749960543892487
6264,0,1,0.03697682878529576,0.5468644240515999,0.4161587471631044
6265,1,1,0.05363578698546852,0.9257831369612497,0.02058107605328182
6266,2,1,0.040712845026092855,0.7530444866150184,0.20624266835888858
6267,0,1,0.041497008151797445,0.8346017233253856,0.12390126852281699
6268,0,1,0.2578568427924376,0.7400751027322291,0.002068054475333254
6269,2,1,0.012553092151549337,0.6830599426938543,0.3043869651545965
6270,2,1,0.19872422052677527,0.7676654440220468,0.03361033545117799
6271,2,1,0.25015664027738593,0.723488665652233,0.026354694070380942
6272,0,1,0.08234086491251137,0.8800846508556192,0.03757448423186939
6273,2,1,0.08917270468566167,0.8733494780222044,0.037477817292133904
6274,1,1,0.04592770764617186,0.9148428899125445,0.03922940244128372
6275,2,2,0.004627703133027951,0.3420222261758981,0.6533500706910739
6276,2,1,0.47917914312816634,0.5185999586913737,0.0022208981804601817
6277,1,1,0.03908734458220215,0.9175257415496273,0.04338691386817051
6278,2,2,0.005050813995576371,0.37486376246131764,0.620085423543106
6279,2,1,0.05617073610110695,0.8498006517394846,0.09402861215940841
6280,0,1,0.08687622881102278,0.899992363277805,0.013131407911172226
6281,2,1,0.033984144968768,0.8577615589453761,0.10825429608585589
6282,1,1,0.08233454680051606,0.8845441976509543,0.03312125554852969
6283,0,1,0.1556131235260189,0.8381457647142252,0.006241111759756004
6284,2,2,0.030905843274048297,0.44614002404813946,0.5229541326778122
6285,1,1,0.2122691803080754,0.7831555026797378,0.004575317012186806
6286,0,2,0.02318107982164492,0.46280429159452163,0.5140146285838334
6287,1,1,0.2629899094341087,0.732863572535054,0.00414651803083745
6288,2,2,0.0004551536336359861,0.15710451168948644,0.8424403346768776
6289,2,1,0.05623010059588969,0.917593106828647,0.026176792575463327
6290,2,1,0.014939965286802578,0.727410993442272,0.25764904127092536
6291,2,1,0.04380444326123775,0.740786944261048,0.2154086124777143
6292,0,1,0.0978661653023075,0.8796826918928847,0.022451142804807877
6293,0,1,0.14427678983765196,0.8490855610451441,0.006637649117203878
6294,0,1,0.1940919725155114,0.7876939176127478,0.018214109871740693
6295,1,1,0.24041341665117116,0.7527501902513294,0.006836393097499513
6296,1,1,0.04675750588145925,0.823465872592114,0.12977662152642672
6297,2,1,0.3502208850328055,0.6390581719002835,0.010720943066910937
6298,1,1,0.03195675867476605,0.8008213124794232,0.1672219288458108
6299,1,2,0.002007208287340901,0.3653308479698839,0.6326619437427752
6300,2,2,0.007789227426819498,0.4893444704403704,0.5028663021328103
6301,1,1,0.07072662062671867,0.9195303818157834,0.009742997557498094
6302,2,1,0.03045794774334939,0.5380383855793284,0.4315036666773222
6303,2,1,0.06487981963128193,0.8415103450133548,0.09360983535536342
6304,2,1,0.05907362384561492,0.9251068385113845,0.015819537643000387
6305,2,1,0.04929639365728562,0.9169404965664395,0.033763109776274954
6306,2,1,0.1412198574008821,0.7786395497147696,0.08014059288434841
6307,1,1,0.0787060900799435,0.8872863473694776,0.03400756255057884
6308,2,1,0.04811209346153611,0.8808706247046181,0.07101728183384583
6309,2,1,0.05288673325702931,0.9120151718232685,0.03509809491970208
6310,2,1,0.07617346184564584,0.913070522267873,0.010756015886481266
6311,1,1,0.03572264606393761,0.8444669037956649,0.11981045014039748
6312,2,2,0.0034324061870308724,0.1492251973570832,0.847342396455886
6313,1,1,0.17730505862406687,0.7920865397839558,0.030608401591977343
6314,2,1,0.01967710905083343,0.8100387627766885,0.17028412817247798
6315,2,1,0.36575198700966016,0.611053125261563,0.023194887728776727
6316,2,1,0.06386773541085883,0.9105483915138891,0.025583873075252037
6317,2,1,0.3797084339956513,0.6173299602458301,0.0029616057585186545
6318,0,1,0.24277859727082843,0.7521579538119464,0.005063448917225139
6319,1,1,0.1279047589153226,0.8092037075026624,0.06289153358201502
6320,2,1,0.05525638619761833,0.7589329209369278,0.18581069286545393
6321,2,2,0.0006140108326456434,0.14950971508463626,0.849876274082718
6322,0,1,0.2952415220515442,0.7007106169103148,0.0040478610381410405
6323,1,1,0.06826015248778178,0.8795656195173441,0.052174227994874006
6324,0,1,0.12487068849025672,0.8703461699131744,0.004783141596568917
6325,0,1,0.07658774630534654,0.8297992761831814,0.09361297751147214
6326,2,1,0.052797041999959646,0.5908694753740763,0.3563334826259639
6327,2,1,0.030773933708999845,0.7685502546112375,0.20067581167976273
6328,1,1,0.053504005011794,0.7914129137681157,0.15508308122009018
6329,0,1,0.04445821317815169,0.866678019804747,0.08886376701710143
6330,2,1,0.010648092119286082,0.7303108407812826,0.25904106709943125
6331,2,1,0.02080069416868321,0.7116406560624784,0.2675586497688383
6332,0,1,0.21699439766318238,0.7758641691063687,0.007141433230448863
6333,2,1,0.3894264363070173,0.6006423990256786,0.009931164667304072
6334,2,1,0.05617946638598817,0.9132596482114573,0.03056088540255452
6335,1,1,0.053696720437455804,0.9194766715425547,0.02682660801998937
6336,1,1,0.04994807849644561,0.9190060615139922,0.031045859989562167
6337,2,1,0.07933361821814093,0.912608920916917,0.008057460864941976
6338,0,1,0.26402055067784835,0.7043148309700037,0.0316646183521478
6339,2,1,0.29504333504324487,0.6971818989654132,0.007774765991341906
6340,1,1,0.036580574132048946,0.8884015719753582,0.07501785389259293
6341,2,1,0.3108616248815682,0.6699260309968946,0.019212344121537113
6342,0,1,0.017844536291764596,0.8084291599672845,0.17372630374095094
6343,1,1,0.08880956210048795,0.8115146663087026,0.09967577159080948
6344,2,1,0.039536364778440296,0.7244352598846097,0.2360283753369501
6345,2,1,0.04950424029150282,0.8561438206216071,0.09435193908689002
6346,2,1,0.013940829706273763,0.7874657270383536,0.19859344325537265
6347,0,1,0.31760987146342634,0.6653306160581427,0.017059512478430947
6348,2,1,0.006568585266996153,0.5213502427226513,0.47208117201035255
6349,2,2,0.013621616899790993,0.21968519376921208,0.766693189330997
6350,2,1,0.01890210192791921,0.6918853240516071,0.2892125740204738
6351,0,1,0.2453059622856198,0.7498317041743889,0.004862333539991469
6352,2,1,0.07833805947423887,0.7937332584257955,0.1279286820999656
6353,0,1,0.21742353828161687,0.7715117956958324,0.011064666022550755
6354,2,1,0.06306260878601369,0.910014718253975,0.02692267296001135
6355,0,1,0.10306082284146437,0.8360375466906924,0.06090163046784325
6356,2,1,0.050673117006544456,0.8454041142482965,0.10392276874515903
6357,0,1,0.3852000402786498,0.606219985906513,0.008579973814837199
6358,0,1,0.15857795973522817,0.8195607535534495,0.02186128671132232
6359,0,1,0.18411224751742103,0.7963523012838513,0.01953545119872771
6360,1,1,0.12312065512101497,0.830272707299518,0.04660663757946711
6361,1,1,0.012413331725249365,0.7815039979320828,0.20608267034266786
6362,2,1,0.03101966420752933,0.9263350463999279,0.04264528939254274
6363,2,1,0.031731796166875006,0.9471473581311546,0.021120845701970457
6364,0,1,0.16327820614525845,0.7935791875590835,0.043142606295658054
6365,0,1,0.13543745334919824,0.842801824187707,0.021760722463094715
6366,1,1,0.03515607585019038,0.8282047438250988,0.1366391803247107
6367,2,1,0.05863364468728742,0.8804678232322161,0.0608985320804964
6368,2,1,0.013849493456139957,0.6093329322360052,0.376817574307855
6369,2,1,0.09239936962493184,0.8571622909743116,0.050438339400756524
6370,2,1,0.0727981251310547,0.9090880764307678,0.01811379843817735
6371,1,1,0.34462524462437427,0.6382750638764584,0.01709969149916734
6372,2,1,0.04297339397201351,0.861237808479223,0.09578879754876356
6373,2,1,0.04473486808069149,0.7303596141870392,0.2249055177322693
6374,2,1,0.021863946612366125,0.5423479500633219,0.43578810332431184
6375,2,1,0.026350159146050767,0.8175951116140925,0.15605472923985675
6376,1,1,0.17330806701831686,0.7538761813365217,0.07281575164516152
6377,1,1,0.21667411874513165,0.7659907656779936,0.01733511557687461
6378,1,1,0.05811819262233902,0.8054825817964897,0.13639922558117135
6379,2,1,0.04271079995513908,0.8972885318945163,0.06000066815034449
6380,0,1,0.06327959730184352,0.8487390911582524,0.0879813115399039
6381,1,1,0.05776353000417018,0.9385281725006975,0.0037082974951322786
6382,2,1,0.22256152817217925,0.7666100292225319,0.010828442605288922
6383,1,1,0.29411796220805325,0.6768396530463727,0.029042384745574
6384,0,1,0.14015564823690152,0.8286824677582049,0.031161884004893534
6385,2,1,0.030167621925389902,0.8394159031726984,0.13041647490191166
6386,0,1,0.05093416829677167,0.8578123964466356,0.09125343525659263
6387,1,1,0.01539704260562766,0.778902625504078,0.20570033189029427
6388,0,1,0.050831542222172926,0.9034774419841076,0.045691015793719494
6389,1,1,0.03281377712758249,0.8072924169552613,0.1598938059171561
6390,2,1,0.031220573544651038,0.6266630088798263,0.3421164175755227
6391,0,1,0.18082228371656395,0.8014321359340328,0.017745580349403194
6392,1,1,0.06933891335355694,0.8672115148083821,0.0634495718380609
6393,0,1,0.2682317871012563,0.7204381789072571,0.011330033991486611
6394,1,1,0.11414799610199654,0.8613801610850526,0.024471842812950898
6395,1,1,0.08061870782315796,0.8766883650502666,0.04269292712657541
6396,0,1,0.3443519728488521,0.6486147307164463,0.007033296434701617
6397,2,1,0.037850488558626036,0.9109597991221291,0.05118971231924487
6398,1,1,0.12651660758004354,0.817371026690214,0.05611236572974248
6399,2,1,0.04742610273823434,0.9469708286924408,0.005603068569324823
6400,0,1,0.15444953496397248,0.8150175480827463,0.030532916953281166
6401,1,1,0.10827638391113263,0.8507834662592499,0.04094014982961739
6402,2,1,0.13176330014603252,0.8369386764830254,0.031298023370942035
6403,1,1,0.2601178575565116,0.7311048886406376,0.008777253802850746
6404,1,1,0.2986010406934151,0.6897133074067788,0.011685651899806148
6405,2,1,0.04653065671485084,0.8829564141369182,0.07051292914823096
6406,2,1,0.0245007606976739,0.8016471207285844,0.17385211857374175
6407,2,1,0.03546862788841329,0.88400754586857,0.08052382624301675
6408,0,1,0.09794551393401794,0.8321837323139867,0.0698707537519953
6409,2,1,0.10143376907113924,0.8435419063967948,0.05502432453206606
6410,0,1,0.2956403137597004,0.6897088012848118,0.014650884955487827
6411,0,1,0.13348977843853294,0.7942945925322932,0.07221562902917383
6412,2,1,0.01946500761580451,0.5913871126220337,0.3891478797621617
6413,2,1,0.01229151397057548,0.7563740446003479,0.2313344414290767
6414,1,1,0.08243697043257867,0.8685804538720425,0.04898257569537879
6415,0,1,0.09762283918820557,0.8902299411377675,0.012147219674026915
6416,2,1,0.0911001690097655,0.879635546477503,0.029264284512731647
6417,0,1,0.09388183040394217,0.8905262528102206,0.015591916785837266
6418,0,1,0.20130753661219022,0.7790545190892579,0.019637944298551847
6419,2,1,0.048045693735740275,0.7072092725883015,0.24474503367595823
6420,2,1,0.030944588419720333,0.9634595704087595,0.00559584117152024
6421,0,1,0.17361638177651684,0.7840024125673108,0.0423812056561723
6422,2,1,0.03878883093675989,0.631036057269333,0.33017511179390713
6423,2,1,0.04322901876855849,0.8353346024892425,0.12143637874219901
6424,1,1,0.08697565681102348,0.8658690269613502,0.047155316227626316
6425,1,1,0.13003839774481854,0.8323015756815835,0.037660026573598036
6426,2,1,0.027894714487326597,0.7534724294558434,0.21863285605683005
6427,0,1,0.27858978382088095,0.7107810884476748,0.01062912773144424
6428,2,1,0.07497034017097425,0.8051779064968131,0.1198517533322128
6429,1,1,0.21970704386785347,0.7615610735966534,0.018731882535493214
6430,1,1,0.15182321379290153,0.8119971935739998,0.03617959263309869
6431,2,1,0.01709875365169631,0.9709017755353903,0.011999470812913523
6432,0,1,0.050229268224545584,0.8575505417037682,0.09222019007168611
6433,0,1,0.47182905716995777,0.5210196094531581,0.007151333376884124
6434,1,1,0.15202317065827364,0.8158291904180991,0.032147638923627306
6435,1,1,0.05370279196833494,0.893239168847789,0.053058039183876235
6436,2,1,0.03406066888750801,0.9233645338866097,0.0425747972258822
6437,1,1,0.05152722910698308,0.6630629592915203,0.2854098116014967
6438,2,1,0.06556201296759938,0.8408238377181888,0.09361414931421193
6439,0,1,0.21292228940804017,0.7609741034547312,0.02610360713722875
6440,2,1,0.026679688237019803,0.8458783140507774,0.12744199771220277
6441,2,1,0.08867652610990541,0.9066881318943015,0.004635341995793001
6442,2,1,0.09467756838308852,0.8649986288072836,0.040323802809627836
6443,2,1,0.17207464797972005,0.7713494588050617,0.0565758932152184
6444,0,1,0.02376911460229324,0.8221856291593187,0.15404525623838797
6445,2,1,0.1514286970858553,0.8242974074018308,0.024273895512313886
6446,1,1,0.04147885333058398,0.7555930800762106,0.20292806659320536
6447,0,1,0.02553524651877084,0.8268272231016425,0.14763753037958668
6448,1,1,0.027832556554310325,0.78201848050901,0.19014896293667974
6449,1,1,0.18065370880552126,0.7911618604582455,0.028184430736233106
6450,0,1,0.06529413248108093,0.905591697556099,0.029114169962820163
6451,2,1,0.03413861683763099,0.8630444467617605,0.10281693640060846
6452,1,1,0.10294738660930994,0.7915761753627693,0.10547643802792084
6453,2,1,0.014327235636956473,0.6483524521236332,0.3373203122394103
6454,1,1,0.052111917469910805,0.8447714984675339,0.10311658406255535
6455,0,1,0.19856573195155613,0.7883465698689397,0.013087698179504148
6456,0,1,0.04419552372437593,0.9099135583654125,0.045890917910211375
6457,2,1,0.04479965025657384,0.7067020234908212,0.24849832625260485
6458,0,1,0.2082551864283213,0.7648878783185599,0.026856935253118677
6459,1,1,0.07661426826094161,0.9208658370365834,0.002519894702474939
6460,0,1,0.13425968813899425,0.8095561510527608,0.056184160808244905
6461,0,1,0.07272185677748119,0.9073376702152367,0.01994047300728202
6462,0,1,0.3405269107136268,0.6494416723035985,0.01003141698277463
6463,1,1,0.03763816064738421,0.9080195469372715,0.05434229241534426
6464,2,1,0.10074604071073852,0.8708737578697907,0.02838020141947068
6465,0,1,0.3984388187976796,0.5979618287789343,0.003599352423386038
6466,0,1,0.05834799921017409,0.888823803377991,0.05282819741183491
6467,2,1,0.02523522692239208,0.7366870820737093,0.2380776910038986
6468,2,1,0.0903758993383077,0.8456188706278331,0.06400523003385927
6469,0,1,0.19149288336360493,0.7539469978489082,0.054560118787486823
6470,2,1,0.02362454969062107,0.6831661229381277,0.2932093273712512
6471,0,1,0.056505256156283705,0.9162590954563495,0.02723564838736675
6472,2,1,0.03658813412321041,0.8344561805259728,0.12895568535081664
6473,1,1,0.25327700434246164,0.7301874059199813,0.016535589737557026
6474,0,1,0.07044917848527016,0.8981963723273012,0.03135444918742876
6475,0,1,0.050520214819621455,0.9092040725580988,0.04027571262227993
6476,2,1,0.04607259656804414,0.6440577472582829,0.309869656173673
6477,1,1,0.13198013465999084,0.8117624298725398,0.056257435467469245
6478,0,1,0.09407480413558124,0.8386723931449797,0.06725280271943916
6479,0,1,0.11784883636077993,0.8576837660651545,0.024467397574065484
6480,0,1,0.1211886217329665,0.8396436146732181,0.039167763593815325
6481,1,1,0.26584207277595884,0.7164213361348022,0.017736591089238876
6482,1,1,0.05276138701690034,0.8545579891135624,0.09268062386953736
6483,0,1,0.23865619663395973,0.7427470256911639,0.018596777674876393
6484,0,1,0.04888176402530653,0.9125691079850098,0.03854912798968372
6485,2,1,0.11088888036909962,0.8278452157766739,0.06126590385422667
6486,1,1,0.09452220059186113,0.7807123985963219,0.12476540081181708
6487,2,1,0.05758466645663106,0.8488144444745765,0.09360088906879246
6488,2,1,0.05884821000422296,0.9373123655660845,0.0038394244296924124
6489,0,1,0.11700973776453494,0.7254923732454981,0.15749788898996697
6490,0,1,0.086237114346305,0.8817889417761918,0.03197394387750309
6491,0,1,0.09735239015604463,0.8849497810057809,0.017697828838174463
6492,2,1,0.021836931816876022,0.6662806204329838,0.3118824477501401
6493,1,1,0.03659057967809925,0.8435098893272849,0.11989953099461594
6494,0,1,0.2869393567070969,0.7046932656322029,0.008367377660700167
6495,0,1,0.06759671335887119,0.8545339447584408,0.07786934188268786
6496,0,1,0.2052171401188929,0.7633213827475537,0.03146147713355352
6497,0,1,0.2895664317295992,0.691968368958639,0.01846519931176168
6498,2,1,0.04129794140038144,0.8947811050782017,0.06392095352141679
6499,0,1,0.07232756354069401,0.9129479341524835,0.014724502306822644
6500,2,1,0.012310669859650323,0.7303907428097733,0.2572985873305762
6501,1,1,0.14510744215082494,0.8148623984840287,0.04003015936514623
6502,1,1,0.036011713103123795,0.9413399769554375,0.022648309941438734
6503,1,1,0.09629813196971866,0.8612238439386056,0.04247802409167566
6504,2,1,0.06530817693943777,0.8399781134438454,0.09471370961671695
6505,0,1,0.03268681869443415,0.8622684801792875,0.10504470112627855
6506,1,1,0.08098436249779278,0.91745219413081,0.00156344337139733
6507,2,1,0.04510873087597318,0.8900850954016575,0.06480617372236926
6508,2,1,0.018350070999691232,0.6693901176043769,0.3122598113959319
6509,2,1,0.08526438973557182,0.8587455073714377,0.055990102892990334
6510,0,1,0.4037548140991655,0.5919902637734836,0.0042549221273509436
6511,0,1,0.04728503851038388,0.9004216816473061,0.0522932798423101
6512,2,1,0.028547786868447986,0.9289894166110162,0.04246279652053601
6513,0,1,0.11824792128936831,0.7417125237718271,0.14003955493880454
6514,1,1,0.09015904636140894,0.8884476365012957,0.021393317137295507
6515,0,1,0.35204210340684006,0.6334915877912602,0.014466308801899709
6516,2,1,0.03326418317660009,0.8615641237007445,0.1051716931226553
6517,0,1,0.026807751572855174,0.8169375662029599,0.1562546822241851
6518,2,1,0.1257989108277443,0.8487707576067972,0.025430331565458483
6519,0,1,0.0929398062995635,0.8943549842364571,0.01270520946397948
6520,2,1,0.125795365926647,0.8519083388942366,0.022296295179116497
6521,2,1,0.02716682864069977,0.6280462682037312,0.34478690315556904
6522,1,1,0.07632836990100583,0.9018010153825218,0.021870614716472492
6523,2,1,0.0755615390776441,0.888224470100556,0.03621399082179989
6524,1,1,0.021702899208002998,0.8814591986774779,0.09683790211451906
6525,2,1,0.08048146104158763,0.8872486140912657,0.03226992486714674
6526,1,1,0.02106730867557456,0.8830907355208771,0.09584195580354835
6527,1,1,0.07668816307133283,0.8745358358841163,0.048776001044550925
6528,2,1,0.12063328849864154,0.7899382267047427,0.08942848479661587
6529,2,1,0.03642760862118721,0.9590134908755041,0.004558900503308692
6530,0,1,0.08763900141990531,0.8873627800306234,0.024998218549471343
6531,1,1,0.0659765025461004,0.92552083499949,0.008502662454409657
6532,0,1,0.11160995892468684,0.8696487749953286,0.018741266079984577
6533,0,1,0.31438959060107274,0.6666510591464625,0.01895935025246478
6534,1,1,0.05236121598626417,0.9057745880476855,0.04186419596605034
6535,2,1,0.0797050743132471,0.877245584929413,0.04304934075733992
6536,2,1,0.025286979142589854,0.8842378660148164,0.09047515484259377
6537,2,1,0.08415796711684176,0.9141032951381154,0.0017387377450429969
6538,2,1,0.026710673633260743,0.9119917525013341,0.061297573865405214
6539,0,1,0.0799694401786229,0.8952481383842379,0.02478242143713942
6540,1,1,0.2809795989493473,0.7121148618539953,0.006905539196657379
6541,0,1,0.2600058320319164,0.7330297488355906,0.00696441913249291
6542,2,1,0.023203814740345056,0.8153934521333729,0.1614027331262819
6543,2,1,0.04124198488266038,0.6482236636494048,0.31053435146793495
6544,2,1,0.025914793232750158,0.882375399751945,0.09170980701530462
6545,0,1,0.026191990546329626,0.9463479272566995,0.027460082196970884
6546,0,1,0.07193675161107783,0.8450067460649293,0.08305650232399277
6547,2,1,0.0763339662485066,0.8709455456830085,0.05272048806848492
6548,0,1,0.21975511084133983,0.762421768642623,0.017823120516037246
6549,2,1,0.08255133881506714,0.8596237252235056,0.05782493596142718
6550,1,1,0.14755479769775243,0.8386222265323706,0.01382297576987697
6551,1,1,0.060110549858338205,0.8856816139254966,0.05420783621616523
6552,2,1,0.10393141985502936,0.8803309700648878,0.015737610080082717
6553,2,1,0.0495974607787757,0.8039413223706862,0.14646121685053803
6554,2,1,0.017719959113918073,0.8623003427916043,0.11997969809447766
6555,1,1,0.03623695888833882,0.8127601982828256,0.15100284282883547
6556,1,1,0.10907886017338018,0.8736620347183653,0.017259105108254416
6557,2,1,0.10638178032057802,0.8589186421451273,0.03469957753429481
6558,0,1,0.02975609297032501,0.9643650650886385,0.005878841941036466
6559,1,1,0.0667260960237492,0.9005949993874757,0.03267890458877514
6560,2,1,0.024168199153031273,0.9003342679212591,0.07549753292570956
6561,1,1,0.0497392415308709,0.9325472354649949,0.017713523004134243
6562,0,1,0.11375804681848803,0.8137719402971859,0.0724700128843261
6563,2,1,0.03448006120572303,0.943350021983411,0.022169916810865824
6564,1,1,0.14830687866418732,0.8122576364156894,0.0394354849201233
6565,2,1,0.04553742292710023,0.9095453647832934,0.04491721228960654
6566,1,1,0.09200648490913316,0.8871026424964213,0.02089087259444553
6567,2,1,0.02378395229283384,0.7105926235808666,0.2656234241262996
6568,1,1,0.08215587888669303,0.8511268249032968,0.06671729621001019
6569,2,1,0.03504128980960391,0.8468752495832589,0.11808346060713729
6570,0,1,0.13971602180011222,0.836122435996461,0.024161542203426683
6571,2,1,0.02739095939367145,0.767421042336912,0.2051879982694166
6572,0,1,0.296743696056223,0.694624259071139,0.008632044872637926
6573,2,1,0.03567160122042665,0.9179853836559214,0.046343015123651986
6574,2,1,0.10310546312405885,0.8633079830232562,0.03358655385268493
6575,0,1,0.05678928662441721,0.9268169101986553,0.01639380317692743
6576,2,1,0.06466551581638208,0.8402299005229733,0.09510458366064456
6577,0,1,0.09946151051154041,0.8870159051776286,0.013522584310830922
6578,2,1,0.015303407022963877,0.9229661316500295,0.06173046132700662
6579,1,1,0.03248057699047393,0.9644276250619737,0.003091797947552498
6580,2,1,0.059507330698457844,0.8679546054883864,0.07253806381315575
6581,0,1,0.059181308362430275,0.925925286636225,0.014893405001344808
6582,1,1,0.0769963866932206,0.8512532561836084,0.071750357123171
6583,0,1,0.05780989725778579,0.8869652976049619,0.05522480513725223
6584,0,1,0.292872747266415,0.7033076114710479,0.0038196412625371504
6585,1,1,0.040940628952884396,0.9296362046905328,0.02942316635658285
6586,0,1,0.14826764280285243,0.8225111963212111,0.029221160875936594
6587,1,1,0.03181118153477337,0.9502332192834887,0.017955599181738037
6588,2,1,0.12355874708917443,0.8561760950512742,0.0202651578595514
6589,2,1,0.05590808256869199,0.9123964094968047,0.031695507934503334
6590,2,1,0.06339200488898343,0.8832477072629745,0.053360287848042004
6591,1,1,0.04316469787100512,0.8635772842899629,0.09325801783903212
6592,1,1,0.04363026227433338,0.9381708968587514,0.018198840866915294
6593,2,1,0.012675614915765469,0.6260833635588747,0.36124102152535975
6594,0,1,0.08971566868313172,0.880641713993628,0.02964261732324025
6595,0,1,0.10234206581510907,0.8675719487511594,0.030085985433731564
6596,0,1,0.15428650223138982,0.8041315707549083,0.04158192701370194
6597,2,1,0.055101416936254546,0.8873233848859797,0.05757519817776585
6598,2,1,0.030951624247201572,0.8507663430552371,0.11828203269756138
6599,0,1,0.12867968932693472,0.8521172374194244,0.019203073253640842
6600,2,1,0.030536881525482177,0.837631616525535,0.1318315019489828
6601,2,1,0.07497232505522858,0.8657090685983531,0.05931860634641846
6602,0,1,0.20457026373064363,0.7853562249994442,0.010073511269912117
6603,1,1,0.023517833246135947,0.845413415351539,0.1310687514023249
6604,2,1,0.08457968629499159,0.8509791793018116,0.06444113440319695
6605,2,1,0.014012648745229882,0.9184341280943416,0.06755322316042844
6606,0,1,0.0835236758082645,0.9146689784219335,0.001807345769802093
6607,2,1,0.06256672671514601,0.9259331331743514,0.011500140110502665
6608,0,1,0.08990718420244448,0.8830311429228782,0.027061672874677308
6609,0,1,0.05311164836395959,0.891338562830014,0.05554978880602644
6610,0,1,0.20938114160476667,0.7799242079438652,0.010694650451368049
6611,0,1,0.359088795235111,0.6377401311641753,0.0031710736007137088
6612,1,1,0.031093820945783595,0.7135800596904671,0.2553261193637494
6613,2,1,0.03235091810617796,0.8520423261565814,0.11560675573724061
6614,0,1,0.029680075125412632,0.8947219207770198,0.07559800409756759
6615,2,1,0.03591547229900085,0.7861800412627737,0.17790448643822532
6616,2,1,0.0655641000909729,0.8792928547831947,0.05514304512583236
6617,2,1,0.11553556576497771,0.8586500186895699,0.025814415545452184
6618,2,1,0.07594223022161216,0.7833954918575914,0.14066227792079652
6619,0,1,0.07634811475627591,0.9145919804035073,0.009059904840216798
6620,1,1,0.05658493505223522,0.7882122850471551,0.15520277990060968
6621,0,1,0.07874200266977543,0.8828901442240311,0.038367853106193284
6622,2,1,0.04563574783724878,0.9040719558496104,0.050292296313140986
6623,2,1,0.08858186887922156,0.8988374275387533,0.012580703582025142
6624,2,1,0.020110484867755712,0.9042211744488331,0.07566834068341129
6625,0,1,0.2800044126967682,0.7084565286412542,0.011539058661977587
6626,2,1,0.0467488819166501,0.8321168797563574,0.12113423832699251
6627,2,1,0.21035164473720452,0.7839675873447377,0.0056807679180578335
6628,2,1,0.019692162328075802,0.9628460198213667,0.017461817850557428
6629,0,1,0.02960979077610645,0.9496097015082078,0.020780507715685875
6630,1,1,0.034702073350135094,0.747656008827784,0.2176419178220808
6631,2,1,0.14864977467165422,0.8173517575075677,0.03399846782077814
6632,1,1,0.06300014388982883,0.9088479128909295,0.028151943219241752
6633,1,1,0.0676943445373292,0.8675144781706808,0.0647911772919901
6634,2,1,0.015444266343784725,0.9177872340589148,0.06676849959730043
6635,1,1,0.046991793609311806,0.9036634295002404,0.049344776890447827
6636,0,1,0.13523868072235018,0.8325837804701921,0.032177538807457745
6637,0,1,0.17216085081407437,0.7838986489861576,0.04394050019976805
6638,0,1,0.054258186006599894,0.8965343734558233,0.04920744053757692
6639,0,1,0.14983985592110055,0.8251028690513483,0.02505727502755108
6640,2,1,0.015346737872106817,0.7068932208817605,0.2777600412461327
6641,0,1,0.12981721096946314,0.8385745730303443,0.03160821600019251
6642,2,1,0.15107793041207437,0.8018317992458706,0.047090270342054937
6643,1,1,0.1664600848529609,0.8144766039478923,0.019063311199146723
6644,1,1,0.13012060738362535,0.8442013213665264,0.025678071249848257
6645,1,1,0.13968184336907918,0.8475016734079902,0.012816483222930547
6646,2,1,0.01629676312041812,0.7668043014504073,0.2168989354291746
6647,1,1,0.11732527487690826,0.8385287198114719,0.044146005311619815
6648,2,1,0.07756375637123313,0.9129269432906586,0.009509300338108229
6649,2,1,0.017362000552038594,0.9016978054637416,0.0809401939842199
6650,2,1,0.01875515714853343,0.6972263688907122,0.28401847396075436
6651,0,1,0.033190052591522475,0.9412116994706378,0.025598247937839946
6652,2,1,0.039584152002778865,0.8925885773452655,0.06782727065195555
6653,1,1,0.10869854815530396,0.8648691262601148,0.026432325584581296
6654,0,1,0.13841878146028477,0.8520608348085662,0.009520383731148992
6655,0,1,0.04633976960365656,0.9519701734992974,0.0016900568970461762
6656,2,1,0.0353499844821775,0.9364194428268326,0.028230572690989934
6657,2,1,0.07976912667123767,0.9026850338621469,0.01754583946661543
6658,0,1,0.2550890617426816,0.7384082819050959,0.0065026563522224655
6659,2,1,0.22367313205740774,0.7581648009060014,0.018162067036590988
6660,0,1,0.18147845791513406,0.813222926431938,0.005298615652927946
6661,2,1,0.03563762980713663,0.8454658162906438,0.11889655390221956
6662,2,2,0.0003675101852344961,0.22203851336100494,0.7775939764537606
6663,0,1,0.31380786403004235,0.6754726908251126,0.010719445144845009
6664,2,1,0.015414526064068103,0.6447660556682874,0.3398194182676445
6665,0,1,0.10456784553601403,0.8869395902441702,0.008492564219815769
6666,0,1,0.21966643656122833,0.7675435677923685,0.012789995646403114
6667,2,1,0.14100097447460866,0.8508947707187239,0.008104254806667358
6668,2,1,0.040212255062226004,0.8891670366010498,0.07062070833672415
6669,2,2,0.0011606667001734692,0.3140557441838418,0.6847835891159847
6670,1,1,0.029388911616196025,0.9046647442413438,0.06594634414246013
6671,1,1,0.03309671250708425,0.7584086425229325,0.20849464496998332
6672,1,1,0.22487454108542984,0.7432551733770976,0.03187028553747265
6673,2,2,0.003737998871971319,0.4091627753648124,0.5870992257632163
6674,0,1,0.01081500045788186,0.8775031328265754,0.1116818667155426
6675,1,1,0.023397615872785212,0.9071354676167354,0.06946691651047951
6676,2,1,0.27884594864039397,0.7017860049157999,0.01936804644380612
6677,2,1,0.29019890861223263,0.663440502223855,0.0463605891639124
6678,2,1,0.019453963998546445,0.5918883795233161,0.3886576564781375
6679,2,1,0.0658129739422872,0.9057673212696237,0.028419704788089157
6680,2,1,0.043753909964535,0.9016616355521828,0.05458445448328204
6681,2,1,0.008055223773979487,0.8094465157979137,0.18249826042810685
6682,0,1,0.012449706508665908,0.8218022931440322,0.16574800034730194
6683,0,1,0.175676408473552,0.7954039681719319,0.028919623354516026
6684,2,1,0.03964413618496064,0.7440854878818497,0.2162703759331897
6685,2,1,0.08375881793860694,0.8696767954027297,0.046564386658663276
6686,0,1,0.43892891716074506,0.5483658494084597,0.012705233430795274
6687,0,1,0.0470042777853421,0.9264215579534594,0.026574164261198286
6688,1,1,0.13457973968656453,0.8534826741015326,0.011937586211903032
6689,1,1,0.021159931189698847,0.9399307656161655,0.038909303194135526
6690,2,1,0.03185383622669808,0.5598294539505282,0.4083167098227738
6691,0,1,0.11587379462931467,0.8751474300922195,0.008978775278465839
6692,1,1,0.007948135905247797,0.6939468839035268,0.2981049801912255
6693,2,1,0.06270639476587044,0.588477854789538,0.34881575044459157
6694,2,1,0.16013371466083073,0.791588961189525,0.048277324149644106
6695,2,2,0.00018929512946677974,0.18893204931332394,0.8108786555572093
6696,1,1,0.012364979993762602,0.8544244211313586,0.13321059887487885
6697,2,1,0.16615520984393886,0.8237112337057194,0.010133556450341679
6698,0,1,0.03991819805953136,0.7951379431882698,0.16494385875219877
6699,2,1,0.15728618441084108,0.8186345827641263,0.024079232825032628
6700,0,1,0.02127268092090037,0.7863636454548519,0.19236367362424758
6701,0,1,0.28838129948863045,0.684236228725642,0.027382471785727537
6702,0,1,0.042853949339281154,0.9109292631839653,0.04621678747675351
6703,0,0,0.596462314821993,0.40266414107606774,0.0008735441019393176
6704,0,1,0.3320057539785243,0.6404551605254667,0.027539085496009013
6705,0,1,0.04150425562425923,0.937612991296133,0.020882753079607946
6706,2,1,0.025260631165024385,0.823046604568796,0.15169276426617978
6707,1,1,0.06658930354743157,0.8044698141012104,0.12894088235135795
6708,2,1,0.21937255832127706,0.7742174008930056,0.006410040785717395
6709,2,1,0.08472801914455014,0.876740440173252,0.038531540682197815
6710,2,1,0.32706272789753665,0.669741971939351,0.003195300163112339
6711,2,2,0.0037628338236404294,0.46888503913416757,0.527352127042192
6712,1,1,0.018737902565039887,0.5396633509467073,0.4415987464882529
6713,2,2,0.0038739040508145015,0.4413656376972937,0.5547604582518918
6714,2,1,0.009497366956177079,0.9087352284953205,0.08176740454850231
6715,0,1,0.003739323261125282,0.7131025632837186,0.2831581134551561
6716,2,1,0.0017550932901616559,0.5567808085126948,0.4414640981971434
6717,0,1,0.05563903152570841,0.8410356577227578,0.10332531075153387
6718,2,1,0.02983413879883045,0.9272776062525951,0.04288825494857432
6719,1,1,0.023518955089611434,0.8364371700166741,0.14004387489371434
6720,1,1,0.017568603786688092,0.8450270488870246,0.13740434732628734
6721,2,1,0.026323766566814642,0.9234751017939217,0.05020113163926362
6722,0,1,0.0551797262429079,0.9284918867111062,0.016328387045985927
6723,0,1,0.007524619066898829,0.8121576551418166,0.18031772579128463
6724,0,2,0.0025563982754567825,0.2798172099511653,0.7176263917733778
6725,0,0,0.5023858682663995,0.4948270069160905,0.0027871248175099462
6726,2,1,0.04439424349681401,0.9165235006825546,0.03908225582063143
6727,2,2,0.008484846350615213,0.3912100467916388,0.6003051068577461
6728,1,1,0.015624482423559441,0.7204467171261164,0.263928800450324
6729,2,1,0.23184708001550045,0.7597924141073422,0.008360505877157318
6730,0,1,0.38990687415606795,0.5897564191739646,0.020336706669967536
6731,2,1,0.004297738034570491,0.7905069237776831,0.20519533818774652
6732,2,1,0.00822937745681438,0.7588017483383589,0.23296887420482673
6733,2,1,0.012131824312402662,0.6024901056461458,0.3853780700414516
6734,0,1,0.3064118471912501,0.6917895860052794,0.001798566803470568
6735,1,1,0.04098934368714876,0.8641334429419135,0.09487721337093774
6736,1,1,0.012303053342847961,0.9199582085055416,0.06773873815161055
6737,1,1,0.13123966627979364,0.6678050382202462,0.20095529549996016
6738,2,1,0.016701579772589757,0.9243821925972618,0.058916227630148366
6739,2,1,0.05348694348727601,0.9218826661446731,0.02463039036805084
6740,2,1,0.06979004671222735,0.8108662264109338,0.11934372687683883
6741,0,1,0.00571481731628461,0.7784979897401842,0.2157871929435312
6742,0,1,0.4017844430806478,0.5955394047709056,0.002676152148446693
6743,0,1,0.004154705830709263,0.7010668398016986,0.2947784543675922
6744,2,1,0.017952936576975637,0.9005735286449598,0.08147353477806482
6745,2,1,0.06873779557998033,0.8973380468417707,0.03392415757824901
6746,2,1,0.012486235728551592,0.5078616928278468,0.4796520714436017
6747,1,1,0.3576258486426973,0.6254135514947011,0.016960599862601643
6748,0,1,0.09520757608168648,0.890568251715082,0.014224172203231515
6749,2,1,0.005549574824173099,0.8642366367498789,0.130213788425948
6750,0,1,0.07006087688113453,0.8960707059532326,0.033868417165632846
6751,2,1,0.27012394817017416,0.7196029978977043,0.010273053932121504
6752,2,1,0.008994457481282582,0.8764092460126194,0.1145962965060982
6753,0,1,0.009926113473000297,0.8591670985015629,0.13090678802543673
6754,2,1,0.3071158832504264,0.62876693537172,0.06411718137785362
6755,2,1,0.022408654582590844,0.9266839761152972,0.050907369302111864
6756,1,1,0.19508903177462997,0.8003491354547705,0.004561832770599382
6757,0,1,0.11191143438123129,0.7728856150464143,0.1152029505723545
6758,0,1,0.009327282512184662,0.8544846883519076,0.13618802913590777
6759,1,1,0.014183194880309927,0.9147965570394374,0.0710202480802526
6760,0,1,0.11071322001911267,0.8833017469497204,0.005985033031166853
6761,2,1,0.08219530864262606,0.7834248650389057,0.13437982631846807
6762,2,1,0.026655868048809407,0.7321201440650773,0.24122398788611324
6763,1,2,0.0003495605241036074,0.24619286919784727,0.753457570278049
6764,2,1,0.03230012703967951,0.8696120315232098,0.09808784143711076
6765,0,1,0.03290364124614851,0.8061624052849526,0.16093395346889888
6766,1,1,0.0018759007357066072,0.5512964340529939,0.44682766521129946
6767,2,1,0.054195278897203165,0.6895129321486237,0.2562917889541731
6768,0,1,0.3211996555759919,0.6655650327513094,0.013235311672698742
6769,2,1,0.013158362008440817,0.8005577919591146,0.18628384603244458
6770,2,1,0.02816551418632881,0.9101923860792742,0.061642099734397
6771,0,1,0.4309516501925806,0.5587802552531245,0.01026809455429494
6772,2,1,0.3213690465358862,0.6572557260216022,0.02137522744251169
6773,0,1,0.04160933354756753,0.9110561126841941,0.047334553768238266
6774,0,1,0.04468812724397874,0.8841259521474248,0.0711859206085965
6775,1,1,0.040954066046210415,0.9224019542563097,0.03664397969747995
6776,0,1,0.029303223417907694,0.8423968730807267,0.12829990350136553
6777,0,1,0.261742052395958,0.7050797526270561,0.03317819497698579
6778,1,1,0.05437631977679445,0.9176051602045506,0.02801852001865488
6779,2,1,0.014985138863010119,0.9077696238318572,0.07724523730513262
6780,1,1,0.18125443570574248,0.8130632392447646,0.005682325049492717
6781,1,1,0.06528275566028838,0.8869947716188419,0.04772247272086975
6782,2,1,0.02213006278414977,0.7807989207588557,0.19707101645699449
6783,2,2,0.0067987912759930645,0.3711681327375947,0.6220330759864122
6784,2,1,0.0015277513151253166,0.5135037419372545,0.4849685067476204
6785,1,1,0.011884759391873652,0.9357865095072573,0.05232873110086905
6786,2,2,0.014421103102295715,0.4134772349481012,0.5721016619496031
6787,0,1,0.33969225468526193,0.6585831914687866,0.0017245538459513192
6788,0,1,0.042043908726547695,0.9368388591659496,0.02111723210750277
6789,2,1,0.0174241064052407,0.8672779749276509,0.11529791866710855
6790,2,1,0.0073213213190089915,0.5692940770407281,0.42338460164026287
6791,0,1,0.2613283138650232,0.7183753570675543,0.020296329067422424
6792,2,2,0.013083369263254353,0.3057936428117263,0.6811229879250194
6793,0,1,0.017041766549439397,0.8402898076127208,0.1426684258378398
6794,1,1,0.00363814494461733,0.6580950152524452,0.3382668398029376
6795,1,1,0.05219765338479531,0.7587312170543535,0.18907112956085123
6796,0,1,0.07002221432572399,0.7284531230783381,0.20152466259593774
6797,2,1,0.015587700836981659,0.9164818247241276,0.06793047443889068
6798,1,1,0.04723908141946231,0.9246238179300855,0.028137100650452163
6799,2,1,0.016774028663573564,0.9183306722876876,0.06489529904873903
6800,0,1,0.012528785866991831,0.7047489512459504,0.28272226288705776
6801,0,1,0.4851085016131433,0.5142967363649246,0.0005947620219320799
6802,1,1,0.047426059514036674,0.7967766262523513,0.15579731423361193
6803,1,1,0.0561181878332219,0.9231757911534783,0.020706021013300005
6804,2,1,0.004997445662450906,0.8062794388106375,0.18872311552691168
6805,2,1,0.06492915797457731,0.880130572914202,0.05494026911122055
6806,0,1,0.06452572646260794,0.871555836819615,0.06391843671777708
6807,0,1,0.2063496075145663,0.7897497991342158,0.0039005933512180568
6808,0,1,0.21308983500048195,0.677185285030214,0.10972487996930394
6809,0,1,0.07744042554673525,0.8769553733336232,0.04560420111964178
6810,0,1,0.20978598517523106,0.7871673439595276,0.0030466708652413118
6811,2,1,0.011237898761287684,0.9140560162773559,0.07470608496135643
6812,2,1,0.013124196054705512,0.7695316442643172,0.2173441596809773
6813,0,1,0.11813211139675345,0.8586064662061795,0.0232614223970671
6814,0,1,0.029209568580720838,0.853111902413302,0.11767852900597706
6815,1,1,0.0067285644119341095,0.8251865115423126,0.16808492404575323
6816,2,2,0.0011550909822351904,0.14597430970677708,0.8528705993109876
6817,1,1,0.016911280915838177,0.7907072652789623,0.19238145380519958
6818,2,2,0.0020379670955458324,0.386692038353736,0.6112699945507182
6819,1,1,0.01898558021743523,0.9047364331983141,0.07627798658425074
6820,2,1,0.033378026656891505,0.9272064070614302,0.03941556628167821
6821,1,1,0.1882771739191634,0.8052416428406715,0.006481183240165234
6822,0,1,0.04762985411652664,0.8809520624920125,0.07141808339146083
6823,2,1,0.02182761910370775,0.9447483269627658,0.03342405393352644
6824,0,1,0.1771702452000443,0.8105666439355499,0.01226311086440579
6825,0,1,0.15905457696831424,0.7906239972257254,0.05032142580596021
6826,1,1,0.24148900137358037,0.7298800792673956,0.028630919359024037
6827,0,1,0.07746168176807315,0.9151854961574293,0.00735282207449762
6828,0,1,0.09647600985699316,0.8791604617684622,0.024363528374544603
6829,0,1,0.02777069851718568,0.8450535457646082,0.12717575571820616
6830,1,1,0.0010147425496591896,0.5189914617311561,0.47999379571918477
6831,0,1,0.030443454660425903,0.9272651419331783,0.042291403406395846
6832,0,1,0.1153390888434133,0.8217884382418974,0.06287247291468931
6833,0,1,0.3703124468760343,0.6268211697832373,0.0028663833407282942
6834,1,1,0.01140019948372549,0.8322736297700506,0.15632617074622396
6835,0,1,0.1463394266733567,0.7048275560077865,0.14883301731885692
6836,0,1,0.04189558887389195,0.7571376157902914,0.20096679533581663
6837,2,1,0.07672170782911396,0.7374650166056,0.18581327556528593
6838,2,1,0.002103438994989376,0.6352987047926661,0.36259785621234447
6839,2,1,0.02862618715619927,0.9437770294539528,0.0275967833898479
6840,0,1,0.05502884831478579,0.7663132206461776,0.17865793103903663
6841,1,1,0.015681651843816726,0.8641814841444683,0.12013686401171503
6842,2,1,0.04184529487724549,0.9416213179154747,0.016533387207279954
6843,2,2,0.015078225476236048,0.4419217924333858,0.5429999820903781
6844,2,1,0.00474340843128881,0.7735019697341088,0.22175462183460223
6845,2,1,0.06922407981735446,0.8987716529068873,0.032004267275758266
6846,2,1,0.0028768805481542005,0.656785445443292,0.3403376740085538
6847,2,1,0.07285085588145114,0.7965587845122689,0.13059035960628002
6848,0,1,0.14231837536707415,0.8508542862648869,0.006827338368038824
6849,0,1,0.02221084653969653,0.622270158683643,0.3555189947766605
6850,0,1,0.07744818457989079,0.9112028407981887,0.011348974621920574
6851,0,0,0.5364473255833078,0.4599690274319155,0.0035836469847767226
6852,2,1,0.016151935045854975,0.900510691634857,0.08333737331928798
6853,0,1,0.012981001113188598,0.8066255135183493,0.18039348536846203
6854,0,1,0.13618917863244298,0.8515187526098201,0.012292068757736937
6855,2,2,0.002281731248660775,0.39381652187647576,0.6039017468748635
6856,1,1,0.15156567945178018,0.8381069363408123,0.01032738420740741
6857,0,0,0.566937260726911,0.4243057496806326,0.00875698959245642
6858,2,1,0.008840526956320868,0.8625982499944183,0.12856122304926101
6859,1,1,0.08267230213276429,0.8755654453698185,0.04176225249741732
6860,2,2,0.002048963006983654,0.4157380470826981,0.5822129899103182
6861,1,1,0.005425853802356026,0.7757507120040263,0.2188234341936177
6862,2,1,0.014115749501084452,0.823960030594546,0.16192421990436942
6863,1,1,0.029190020160372632,0.9433006331912808,0.027509346648346474
6864,0,1,0.07547025941247627,0.8522413839314872,0.07228835665603642
6865,2,1,0.027185941702792375,0.9384373002727368,0.03437675802447104
6866,2,1,0.011648976847909257,0.910206914939771,0.07814410821231955
6867,2,1,0.30136577726283514,0.6459975916094289,0.052636631127735915
6868,2,1,0.023983479551135636,0.8974341146294343,0.0785824058194302
6869,2,1,0.004382190477513048,0.7131957106941793,0.28242209882830754
6870,0,1,0.11325909855690794,0.8779604106346877,0.00878049080840444
6871,2,0,0.7751958487609819,0.2231582516769585,0.0016458995620595909
6872,0,1,0.07636535692204494,0.7788427639821177,0.14479187909583743
6873,1,1,0.10026021855508031,0.8822415223720749,0.017498259072844732
6874,1,1,0.3647967775612143,0.6045436642845211,0.03065955815426468
6875,1,1,0.030692205425456833,0.6698495107968034,0.29945828377773964
6876,2,1,0.013360424223263582,0.7539750700256593,0.23266450575107717
6877,2,1,0.003231507299970141,0.7568059406601378,0.2399625520398922
6878,2,1,0.0019226947817048924,0.5437223131156121,0.4543549921026829
6879,0,1,0.4732065041329116,0.5238176012342446,0.0029758946328437477
6880,0,1,0.016300094412803338,0.9461089134748332,0.037590992112363525
6881,0,0,0.7726756601506547,0.22588066174154375,0.0014436781078015545
6882,2,1,0.007233481471021463,0.7152967867773361,0.2774697317516425
6883,2,1,0.005048016035146896,0.7591656056513849,0.23578637831346816
6884,1,1,0.06244677399339932,0.9202855962316084,0.01726762977499227
6885,2,1,0.01694318264165514,0.9232317503101444,0.05982506704820054
6886,1,1,0.08039797643529234,0.9088061660756881,0.01079585748901944
6887,0,1,0.06798677061555114,0.918699571180292,0.013313658204156911
6888,0,1,0.12553401375643072,0.8616276690323847,0.012838317211184447
6889,0,1,0.009054715651880145,0.7030187939196233,0.2879264904284965
6890,2,1,0.050510579411211176,0.9048773938772297,0.04461202671155929
6891,2,1,0.05132675409981644,0.8865112580225266,0.062161987877656796
6892,2,1,0.013824977615806967,0.9338870962631164,0.052287926121076675
6893,1,1,0.230770799614877,0.7365328950755327,0.0326963053095903
6894,0,1,0.023746049115325022,0.834705645921533,0.14154830496314205
6895,2,1,0.009071764028770139,0.7352806535592525,0.2556475824119774
6896,2,2,0.007344486848668165,0.24055993504208495,0.7520955781092469
6897,0,1,0.012833343084473191,0.8910529420270451,0.0961137148884816
6898,1,1,0.28727807881279166,0.699317087340667,0.013404833846541443
6899,0,1,0.20179376448342431,0.7640211550240534,0.034185080492522314
6900,1,1,0.09561459612130574,0.8959906252518487,0.00839477862684558
6901,2,1,0.019624390416876913,0.9300203630152847,0.05035524656783825
6902,1,1,0.1036807710490962,0.7957693367041101,0.10054989224679363
6903,2,1,0.012251717956353912,0.7231236708299131,0.26462461121373304
6904,0,1,0.015645483621741393,0.8575685743076825,0.1267859420705761
6905,0,1,0.02669203152425059,0.935671158926248,0.037636809549501486
6906,1,1,0.027917376992167352,0.9330494449189211,0.03903317808891149
6907,0,1,0.07213432106659157,0.8931744957816375,0.03469118315177087
6908,2,1,0.15953987542662898,0.8253969293401694,0.015063195233201678
6909,1,2,0.014943138387593436,0.4837430949526997,0.501313766659707
6910,2,2,0.001488825197769058,0.22834981807941107,0.7701613567228198
6911,0,1,0.2335257453627024,0.7483848900295781,0.01808936460771952
6912,2,1,0.07471502420900632,0.8523471578377733,0.07293781795322028
6913,2,1,0.009281741498557945,0.685111840019817,0.30560641848162495
6914,2,1,0.0024156093106262443,0.6824701310510017,0.31511425963837203
6915,0,1,0.10049513254582752,0.8819072807821222,0.01759758667205025
6916,2,1,0.1783530777087862,0.8065420267371077,0.015104895554106159
6917,2,1,0.03204246332317622,0.7740762630153718,0.19388127366145205
6918,0,1,0.018894584420825672,0.630950987255014,0.3501544283241604
6919,2,1,0.0249045227427336,0.7114594986085916,0.26363597864867494
6920,0,0,0.7652492622222232,0.23303705927247506,0.001713678505301737
6921,2,1,0.010602569859053494,0.8810235824041166,0.10837384773683006
6922,0,1,0.042253440684808144,0.9279041524293788,0.029842406885812973
6923,0,0,0.5644645162610542,0.4348832801670987,0.0006522035718470828
6924,2,1,0.18738759136428135,0.80408092261489,0.008531486020828746
6925,2,2,0.025528994973501206,0.44217735289808824,0.5322936521284106
6926,0,1,0.019840462402953656,0.9249703198267066,0.05518921777033968
6927,2,1,0.0077810739158246656,0.7904070099944287,0.20181191608974666
6928,2,1,0.003961492265994816,0.6173515640515104,0.37868694368249484
6929,2,1,0.001972444000003595,0.5754512955916093,0.4225762604083871
6930,1,1,0.05681295471469889,0.8386950972368384,0.10449194804846253
6931,1,1,0.11432402875664355,0.8371907182562681,0.048485252987088244
6932,1,1,0.00820278034089035,0.7493065031229007,0.24249071653620893
6933,0,1,0.3890089959002522,0.6083950798505564,0.0025959242491914378
6934,2,1,0.007640112537680404,0.6464574149078907,0.34590247255442896
6935,0,1,0.0737807923355951,0.9012899540409546,0.024929253623450342
6936,2,1,0.09684042014382725,0.8571528704653322,0.046006709390840464
6937,1,1,0.18787335147087023,0.800409093789478,0.011717554739651703
6938,0,1,0.0268559079491278,0.5767582376172635,0.39638585443360874
6939,2,1,0.10580476150339752,0.8661487960560106,0.028046442440591898
6940,1,1,0.10109921897967716,0.787738866960613,0.11116191405970986
6941,0,1,0.021579930791747807,0.7261937849329367,0.25222628427531546
6942,2,1,0.07136222902906322,0.8828163416296206,0.0458214293413162
6943,1,1,0.10824848171569573,0.7924850850345334,0.09926643324977091
6944,0,1,0.019567062606725638,0.926117929704644,0.05431500768863034
6945,1,1,0.10812227745819501,0.8557403531997758,0.03613736934202926
6946,2,1,0.00376161055999215,0.659960579313617,0.33627781012639085
6947,1,1,0.1560019394446779,0.8314409637845088,0.012557096770813365
6948,0,1,0.0611458227515739,0.9224534181015581,0.016400759146868008
6949,0,1,0.4638152387005964,0.532111618029356,0.00407314327004764
6950,2,2,0.0021649552514386456,0.3409327900524343,0.6569022546961271
6951,2,1,0.01874615220403218,0.9129415925876075,0.06831225520836043
6952,2,1,0.0354089173818864,0.8679404418376243,0.0966506407804892
6953,1,1,0.06373294818319115,0.8699034211055118,0.06636363071129704
6954,2,1,0.06174581181802528,0.9117527316182577,0.026501456563717014
6955,0,1,0.006576489380618645,0.8059444545191506,0.18747905610023077
6956,0,1,0.02079750163975979,0.5681387374862663,0.4110637608739738
6957,0,1,0.0028883822465179997,0.7460603964075653,0.25105122134591673
6958,2,1,0.01311673308215058,0.7836823376227116,0.20320092929513783
6959,0,1,0.04710638681532761,0.8034922785604586,0.1494013346242137
6960,0,1,0.2686494198621865,0.6772790279335191,0.05407155220429435
6961,1,1,0.17829068281514637,0.7791714516056006,0.042537865579252966
6962,2,1,0.15263260598060338,0.7615282489872267,0.08583914503216988
6963,0,1,0.19184548475344895,0.805001051837417,0.0031534634091341185
6964,1,1,0.025920630814235564,0.8393338877746708,0.13474548141109366
6965,0,1,0.35076414545150925,0.638912365144038,0.010323489404452784
6966,0,1,0.010574002200128944,0.7614389866498479,0.227987011150023
6967,2,2,0.001229747160183871,0.3742871445623996,0.6244831082774165
6968,1,1,0.04161787942947406,0.9370322220365881,0.021349898533937945
6969,1,1,0.007937459110773716,0.8827065661650824,0.10935597472414396
6970,0,1,0.06348948117360619,0.904822834562622,0.03168768426377178
6971,0,1,0.04892628431315115,0.8837590404165814,0.06731467527026737
6972,2,1,0.012750984715091706,0.8891553565626893,0.09809365872221905
6973,2,1,0.36154342040808274,0.6188810312485341,0.0195755483433831
6974,0,1,0.3547513185637976,0.6314303141297769,0.013818367306425543
6975,1,1,0.2138361043535873,0.7686202513600682,0.01754364428634452
6976,1,1,0.01974506082160145,0.7300258179116241,0.25022912126677427
6977,1,1,0.010607329354055096,0.636000206404793,0.35339246424115167
6978,0,1,0.2309300649785565,0.6747805007146814,0.094289434306762
6979,2,2,0.002735597498360998,0.37797047007515366,0.6192939324264853
6980,2,1,0.006980383883870387,0.7307911712491909,0.26222844486693864
6981,0,1,0.12463618392305037,0.8646378671280904,0.010725948948859306
6982,0,1,0.016690905002380574,0.8903155189613281,0.09299357603629123
6983,0,1,0.031178759547257264,0.8289650427465086,0.1398561977062341
6984,2,1,0.21063765262657286,0.784874672194766,0.004487675178661097
6985,2,1,0.02257997656321649,0.939552591626224,0.03786743181055963
6986,0,1,0.36735184039672847,0.6209801721489009,0.011667987454370608
6987,0,1,0.14526140109326452,0.8168696411025468,0.037868957804188544
6988,1,1,0.028686570262159008,0.8352370005205348,0.13607642921730612
6989,0,1,0.0509360989403441,0.8437072256426944,0.10535667541696135
6990,1,1,0.01376756475083123,0.8448281396047262,0.14140429564444257
6991,2,2,0.002069328955258878,0.3971441207069352,0.6007865503378058
6992,2,1,0.03705654880455799,0.8200733029902887,0.14287014820515323
6993,0,1,0.2828713811167002,0.694325851776316,0.022802767106983767
6994,0,0,0.6164380438380412,0.38273820058697533,0.0008237555749834811
6995,2,1,0.4085298766268744,0.5851818455295252,0.006288277843600359
6996,0,1,0.09041103775639618,0.8970005220957911,0.012588440147812885
6997,2,2,0.000880631892055232,0.32932602747182477,0.6697933406361201
6998,2,2,0.0015091323806018634,0.4712228257355791,0.5272680418838191
6999,1,2,0.011759372962455312,0.4284783463476569,0.5597622806898878
7000,0,1,0.05783453331016645,0.9254459544726825,0.01671951221715105
7001,2,2,0.0012212469571611826,0.2632404138004014,0.7355383392424374
7002,2,1,0.0579605689866967,0.8811481234798045,0.06089130753349873
7003,2,1,0.015547789387691585,0.8600487500388712,0.12440346057343743
7004,0,1,0.24088843372728286,0.7238109340766727,0.03530063219604447
7005,2,1,0.010218007401458123,0.7635549151641962,0.22622707743434578
7006,0,1,0.3693123647403797,0.6285329234425469,0.002154711817073558
7007,1,1,0.029406062051607004,0.5953455115972873,0.37524842635110567
7008,0,1,0.05730663383769417,0.7779125833311067,0.16478078283119924
7009,0,1,0.1766926314590658,0.8106597463148886,0.012647622226045747
7010,1,1,0.027633937451863325,0.8636781139588426,0.10868794858929393
7011,2,1,0.0052586681833799356,0.5763054810515108,0.41843585076510925
7012,2,1,0.08006986561865458,0.90602656998904,0.013903564392305338
7013,2,1,0.06587905646915233,0.6522003349627021,0.2819206085681456
7014,0,1,0.03820400974834032,0.8487709028029334,0.11302508744872626
7015,2,1,0.004571972318675085,0.4990878586163451,0.4963401690649799
7016,1,1,0.0433678441735162,0.8816254502698948,0.07500670555658907
7017,2,1,0.004436784418037942,0.5058637290208597,0.48969948656110235
7018,1,1,0.029329919627783488,0.5351074524054893,0.4355626279667273
7019,2,1,0.05909871786589947,0.8288483464401075,0.11205293569399298
7020,1,1,0.0030859520849966593,0.7789966670491238,0.21791738086587967
7021,2,1,0.022096894608932653,0.7988820950291863,0.179021010361881
7022,2,1,0.014486165979421326,0.8057688272230876,0.17974500679749109
7023,2,1,0.024722972831898723,0.8496640274311427,0.12561299973695852
7024,2,1,0.08761145319923778,0.8705750679230004,0.04181347887776171
7025,2,1,0.022382876404986613,0.6450832197351334,0.3325339038598801
7026,2,1,0.15085408755928864,0.8112446159377439,0.037901296502967405
7027,2,1,0.23056728679427763,0.7535096037559286,0.015923109449793756
7028,0,1,0.07576076437541576,0.9126794056242111,0.01155983000037326
7029,1,1,0.0032552029285598002,0.6168894579415609,0.3798553391298792
7030,2,1,0.01175554856735872,0.5115980324251527,0.4766464190074886
7031,2,1,0.014093481669270169,0.8838190751414031,0.10208744318932654
7032,0,1,0.19605501750308907,0.8021058177089107,0.0018391647880003316
7033,1,1,0.10211808230291688,0.858001557742332,0.03988035995475124
7034,1,1,0.025579436727378984,0.8836572519903511,0.0907633112822701
7035,1,1,0.22679154417918207,0.763079999869259,0.010128455951559022
7036,0,1,0.03391440729977521,0.8947592665901266,0.0713263261100983
7037,0,0,0.7345467982410055,0.2637503683024154,0.001702833456579026
7038,2,1,0.02126937861791498,0.8609174959844107,0.11781312539767427
7039,1,1,0.007264929239173829,0.7601160078718185,0.23261906288900763
7040,1,1,0.03917467335078881,0.7814755138956347,0.17934981275357645
7041,2,1,0.02303861788362462,0.7228563544414853,0.25410502767489007
7042,0,1,0.08888299691159036,0.8914911803517779,0.019625822736631795
7043,0,1,0.20778672494265243,0.7712926338859931,0.020920641171354507
7044,0,1,0.011802320857589413,0.8364035778212955,0.15179410132111518
7045,1,1,0.06643357207082348,0.8964330603123056,0.03713336761687075
7046,1,1,0.056529173899705805,0.8800016356408112,0.06346919045948295
7047,1,1,0.08859114428703405,0.857403850288524,0.054005005424441935
7048,0,1,0.07420846555390506,0.7226924950557198,0.20309903939037532
7049,2,1,0.05162506855418059,0.657517237827088,0.2908576936187315
7050,2,1,0.007160222112844889,0.7925472349218392,0.20029254296531596
7051,2,1,0.006677909202836153,0.6843404820625232,0.30898160873464064
7052,0,1,0.0701943265935168,0.8368049082382282,0.09300076516825502
7053,2,2,0.0004909393163301382,0.23031033947687782,0.7691987212067921
7054,1,2,0.006680988342975376,0.4478283727872539,0.5454906388697707
7055,0,1,0.29095012902215406,0.6935822431885675,0.015467627789278442
7056,2,1,0.004291940046179334,0.7922746480822146,0.2034334118716063
7057,2,1,0.3643650781572627,0.6346477986482255,0.0009871231945117159
7058,0,1,0.09124475200063568,0.8769560281868961,0.03179921981246821
7059,2,1,0.17828524164395962,0.8085508175021365,0.013163940853903761
7060,1,1,0.019927229907380533,0.9363443922453428,0.0437283778472765
7061,2,1,0.02412593769975287,0.8428657787707119,0.13300828352953523
7062,0,1,0.25113584753682977,0.7369719002249578,0.011892252238212362
7063,0,1,0.04263297738684975,0.9254474346679804,0.031919587945169914
7064,2,1,0.06021299331905403,0.8453138675757289,0.0944731391052171
7065,2,1,0.019186647455224373,0.7397459188168554,0.24106743372792044
7066,1,1,0.20677433708222348,0.7656422826791595,0.02758338023861717
7067,2,2,0.001616084836628609,0.15188158075856037,0.8465023344048109
7068,2,1,0.007695862860649034,0.7646935347299756,0.2276106024093753
7069,2,1,0.004194997081767489,0.7286186834316305,0.267186319486602
7070,0,1,0.03473383310314199,0.6233418902653245,0.3419242766315337
7071,0,1,0.008561327003061793,0.8206388701690142,0.1707998028279241
7072,0,1,0.019974668591415855,0.8781328164606397,0.10189251494794445
7073,0,1,0.2351082065770559,0.759971169397806,0.004920624025138132
7074,2,1,0.03676072247515657,0.7833809380897158,0.17985833943512772
7075,1,1,0.005966315770935388,0.8524860980123736,0.1415475862166911
7076,0,0,0.5400288324373785,0.4534956456182534,0.006475521944368128
7077,0,1,0.03614067843397876,0.7731630068416098,0.1906963147244116
7078,2,1,0.09125105265504714,0.8960366448478495,0.012712302497103256
7079,1,2,0.00365879477633341,0.20297962978027126,0.7933615754433954
7080,2,2,0.0026668654509762616,0.29627029104492036,0.7010628435041033
7081,1,1,0.13763834637901562,0.8317334260110766,0.03062822760990782
7082,0,1,0.23648059043216818,0.7580693962410552,0.0054500133267766995
7083,1,0,0.7055778161249405,0.29285105707028736,0.0015711268047720846
7084,0,1,0.017554558105574117,0.8352143304451762,0.1472311114492497
7085,2,1,0.02848807229124083,0.889326323232625,0.08218560447613431
7086,0,1,0.03067902889074203,0.8862251458007295,0.08309582530852849
7087,2,1,0.019781221553342006,0.7579211235865994,0.22229765486005856
7088,2,2,0.001074148801652523,0.26503118193466846,0.7338946692636791
7089,1,1,0.12324898820042382,0.6885401323818722,0.188210879417704
7090,2,1,0.0024865990407620386,0.6568007361096365,0.34071266484960144
7091,1,1,0.05136907035636339,0.8938391475431989,0.05479178210043783
7092,1,1,0.028874946698168084,0.5622727235749876,0.4088523297268442
7093,0,1,0.039190041522601325,0.925990739055666,0.03481921942173282
7094,1,2,0.002721987832763609,0.44275160099079386,0.5545264111764425
7095,1,1,0.1395639733295137,0.8008936622453174,0.059542364425168824
7096,0,1,0.009980839703846542,0.8617735982471773,0.12824556204897625
7097,1,1,0.20654697598203836,0.7781714740968392,0.01528154992112252
7098,2,1,0.1910815552134386,0.7980010279850529,0.010917416801508635
7099,0,1,0.09501920552549019,0.8851430974985129,0.019837696975996987
7100,2,1,0.2375355562699335,0.7407940701042901,0.02167037362577649
7101,1,1,0.011959323456035571,0.6722072795561028,0.3158333969878616
7102,2,1,0.01577696265705909,0.7659419191704286,0.21828111817251242
7103,1,1,0.009311517646304265,0.5392100601979369,0.45147842215575884
7104,1,1,0.27444237898712104,0.7148471935287961,0.01071042748408277
7105,1,1,0.0745653047582431,0.904976292272093,0.02045840296966377
7106,1,1,0.12640229236982567,0.830681316889166,0.042916390741008274
7107,0,1,0.11230405984334979,0.8565750026530914,0.031120937503558856
7108,2,1,0.06442651681534357,0.9191948974582095,0.0163785857264469
7109,2,1,0.010045658243900293,0.857029148785383,0.1329251929707166
7110,0,1,0.027134462986527885,0.875159368079069,0.09770616893440319
7111,2,2,0.004958217177751357,0.2323682181345859,0.7626735646876628
7112,2,1,0.0360678983742195,0.803196305872958,0.1607357957528226
7113,1,1,0.09322999876307271,0.7566604445356014,0.1501095567013257
7114,2,1,0.008967230643533698,0.9238064504261247,0.06722631893034162
7115,2,1,0.01653461086010215,0.771775706100544,0.21168968303935384
7116,2,0,0.6459961267854587,0.35204234364689463,0.0019615295676466368
7117,1,1,0.06264582972339115,0.8582372462527507,0.07911692402385831
7118,0,1,0.16545102414259621,0.8210898278411605,0.0134591480162433
7119,1,1,0.03222149702871001,0.9075565814044826,0.06022192156680751
7120,2,1,0.06528494344827888,0.8945280658064945,0.04018699074522661
7121,2,2,0.002823335033486107,0.17248511361358884,0.824691551352925
7122,2,1,0.009144866994248508,0.6786623810257688,0.3121927519799827
7123,0,1,0.017064475481271765,0.8371346689992576,0.14580085551947064
7124,1,2,0.0006648572683845647,0.352710649506365,0.6466244932252505
7125,2,1,0.003962296517163855,0.6527113049367761,0.34332639854606006
7126,2,1,0.013265730864383284,0.8701575928435815,0.11657667629203514
7127,0,1,0.06527682191387765,0.6944675089485078,0.2402556691376144
7128,1,1,0.017126248768789046,0.8969586564195464,0.08591509481166452
7129,1,1,0.01854132799252198,0.9363212533695564,0.04513741863792161
7130,1,1,0.030099383352850496,0.8554754915639143,0.11442512508323527
7131,0,0,0.6595422840830437,0.3398493023439611,0.0006084135729951175
7132,2,1,0.20186218542098586,0.7714510651919954,0.026686749387018836
7133,0,1,0.03398877787687988,0.8848886244198653,0.08112259770325489
7134,2,1,0.027995991049939422,0.9289730766644461,0.04303093228561464
7135,1,1,0.03387231192771234,0.899323134967467,0.06680455310482082
7136,1,1,0.3879865773250208,0.6096090070637816,0.0024044156111976255
7137,1,1,0.34360408595586206,0.6191692863290218,0.03722662771511616
7138,2,1,0.04258679170519041,0.887112930633669,0.07030027766114057
7139,1,1,0.18473131599729173,0.8087537078761695,0.006514976126538798
7140,0,1,0.25804138827010675,0.7297980823099357,0.01216052941995754
7141,1,1,0.06323061848943223,0.8068450004500447,0.129924381060523
7142,2,1,0.056807667716227306,0.673764047823388,0.26942828446038475
7143,1,1,0.06309569057389675,0.9155550215504863,0.02134928787561705
7144,2,1,0.003787012452992814,0.5961980514290441,0.400014936117963
7145,1,1,0.014047496617428783,0.8201596808980116,0.16579282248455962
7146,2,2,0.0034796926921760478,0.40832652482003995,0.588193782487784
7147,0,1,0.19021411092773352,0.790157558845622,0.01962833022664452
7148,2,1,0.0385597445701838,0.925925000786584,0.03551525464323222
7149,0,1,0.12815831037076197,0.8263831544508595,0.04545853517837836
7150,2,1,0.012249373852689103,0.9575806203041525,0.030170005843158314
7151,2,1,0.0034720353491923435,0.5287368034935372,0.46779116115727043
7152,2,1,0.001595007524558492,0.7103730888627108,0.28803190361273073
7153,2,1,0.03798781688219253,0.8693056048978994,0.09270657821990799
7154,2,1,0.37331094901651574,0.5833263341674256,0.04336271681605861
7155,1,1,0.01031793232042822,0.8980485424512135,0.0916335252283582
7156,2,1,0.024867331120628607,0.8661964155280568,0.10893625335131457
7157,0,1,0.04373995108203104,0.9118641784129649,0.044395870505004015
7158,2,1,0.14359866405793106,0.8300806645914979,0.026320671350571184
7159,1,1,0.19557147108160677,0.783957145551101,0.02047138336729238
7160,2,2,0.002051367268881097,0.48432604788814626,0.5136225848429726
7161,0,1,0.1913534284073472,0.7780824631837432,0.030564108408909614
7162,0,1,0.058516931437274634,0.9240136158352237,0.017469452727501656
7163,2,1,0.007790512737202621,0.809974735206433,0.18223475205636447
7164,0,1,0.036403506353649764,0.8666100892857104,0.09698640436063985
7165,2,1,0.008141027406507304,0.6756355012278554,0.3162234713656373
7166,2,1,0.006548686109602562,0.876675985912241,0.11677532797815629
7167,0,1,0.16904423702802487,0.8069671228253062,0.023988640146668943
7168,1,1,0.13655393725460974,0.8549565155642418,0.008489547181148341
7169,0,1,0.09877249584764101,0.8764251701248278,0.024802334027531285
7170,2,1,0.013234070111265353,0.7384629255833854,0.24830300430534913
7171,0,1,0.034591523409431,0.824699133097316,0.1407093434932529
7172,0,1,0.029755102197578875,0.948510746026083,0.021734151776338077
7173,2,1,0.08684565025783601,0.8797796477914611,0.033374701950702856
7174,2,2,0.005745545506653555,0.45010267920071934,0.5441517752926271
7175,1,1,0.008962593025169979,0.8499985529174697,0.1410388540573602
7176,0,1,0.12427621875694125,0.8673900326552605,0.008333748587798265
7177,0,1,0.2013846306741573,0.7853710627840746,0.013244306541768216
7178,2,2,0.0012839349493420204,0.17308797995141292,0.8256280850992451
7179,2,1,0.02494592705164608,0.9396696209840316,0.035384451964322314
7180,2,1,0.06449156419515867,0.8745394143626377,0.060969021442203564
7181,0,1,0.11133180233808312,0.8667264309371508,0.02194176672476603
7182,2,1,0.015537188272506833,0.7512784296170253,0.23318438211046785
7183,2,1,0.10231424030235411,0.7344925870875125,0.16319317261013336
7184,1,1,0.02658371732337056,0.9548735699059238,0.018542712770705693
7185,0,1,0.25554688821988025,0.7271951852797226,0.017257926500397328
7186,2,2,0.0015638117862581229,0.32485857423769726,0.6735776139760445
7187,2,2,0.0014382345229823823,0.44930314735935584,0.5492586181176617
7188,2,1,0.21650153278051917,0.7581440580065184,0.025354409212962396
7189,0,1,0.02634047995511515,0.9084550026230351,0.06520451742184973
7190,0,1,0.136994730058564,0.8422826037967157,0.020722666144720375
7191,0,1,0.032978939283235434,0.6734111985795648,0.29360986213719964
7192,0,1,0.034609953671573,0.9262606122072611,0.03912943412116589
7193,0,1,0.017264361630295703,0.6560981516597676,0.3266374867099368
7194,2,1,0.11393131551824945,0.8692541640412679,0.016814520440482608
7195,1,1,0.07476827919398482,0.8995824274284687,0.025649293377546387
7196,2,1,0.018593097424340732,0.944326535826207,0.0370803667494523
7197,1,1,0.021823925301998153,0.8609799987725334,0.1171960759254684
7198,1,1,0.35174116746551903,0.6459516819155189,0.0023071506189621016
7199,0,1,0.01309551699359656,0.8752352088787182,0.11166927412768529
7200,0,1,0.15431271719328016,0.8305288039524655,0.015158478854254214
7201,2,1,0.07061369564677511,0.7463287766840041,0.1830575276692208
7202,1,1,0.3967849283299382,0.5923419471879384,0.010873124482123247
7203,0,1,0.18531907551181293,0.7856745987738324,0.02900632571435474
7204,1,1,0.008659042572449037,0.826615507303143,0.1647254501244079
7205,2,1,0.046035382326258076,0.8789510642890068,0.07501355338473502
7206,0,1,0.031905422540058695,0.951659396756044,0.016435180703897156
7207,2,1,0.008997004527186016,0.9199078392281459,0.07109515624466803
7208,0,1,0.010864503484676977,0.7940728297203208,0.19506266679500217
7209,2,2,0.0006329895287849426,0.24620816525313016,0.7531588452180848
7210,2,1,0.009124031323385528,0.8351564201268763,0.1557195485497383
7211,2,1,0.003257385204811746,0.6114874761370701,0.38525513865811806
7212,1,1,0.1973315314419351,0.728588775553434,0.07407969300463094
7213,2,2,0.002945804213675656,0.4561489643466383,0.540905231439686
7214,2,1,0.007179646213589825,0.5784927752340353,0.41432757855237484
7215,2,1,0.14131037264210838,0.8545500478551764,0.004139579502715149
7216,2,1,0.0372760400171701,0.850577841418259,0.11214611856457087
7217,2,1,0.06707998996477303,0.8894260596930578,0.04349395034216934
7218,0,1,0.04996322448588135,0.7594436186098742,0.1905931569042446
7219,2,1,0.08219743150182356,0.8732483342481898,0.0445542342499866
7220,0,0,0.6333707530693329,0.3647144625626322,0.001914784368034935
7221,0,1,0.1320486296571108,0.8353598311899403,0.03259153915294889
7222,2,2,0.0009456971799874672,0.40801495925268244,0.5910393435673301
7223,0,1,0.10502991367987707,0.8871145709747762,0.007855515345346604
7224,2,1,0.07054817667059027,0.852684405324352,0.0767674180050579
7225,2,1,0.1367986745958699,0.8127864616800531,0.05041486372407705
7226,0,1,0.012469235028137605,0.8365303383168365,0.15100042665502583
7227,1,1,0.0027948765639046673,0.6815637333950207,0.31564139004107467
7228,1,1,0.0045496769674382926,0.7554287708071028,0.24002155222545898
7229,2,1,0.06318941878311926,0.8471223338505258,0.08968824736635483
7230,2,1,0.05716351294609919,0.7864354499707285,0.15640103708317235
7231,2,1,0.010254357901104249,0.8379027596945708,0.15184288240432478
7232,2,1,0.016251900389935615,0.8312390473016616,0.15250905230840273
7233,0,1,0.027222282063365865,0.7038742379954941,0.26890347994114006
7234,2,1,0.010997073824848849,0.8419341976163739,0.14706872855877737
7235,0,1,0.3105303716417606,0.6756590155613823,0.013810612796856981
7236,0,1,0.04369524511169111,0.9341802963813857,0.0221244585069232
7237,0,1,0.0346186797288641,0.9085646523452826,0.05681666792585314
7238,1,1,0.0143508894977833,0.8318181829637795,0.15383092753843713
7239,0,1,0.3781497803012921,0.6161477003079261,0.00570251939078184
7240,0,1,0.491020766575652,0.5064524068682751,0.0025268265560728434
7241,1,1,0.06790127763818302,0.8155070464812968,0.1165916758805203
7242,2,1,0.09952201268907761,0.7522068934244314,0.1482710938864911
7243,2,2,0.004361091687232466,0.3531251731871472,0.6425137351256205
7244,2,1,0.16991371966829394,0.8017801801641546,0.028306100167551446
7245,1,1,0.009649974428972141,0.6854813363692501,0.3048686892017778
7246,2,1,0.03932061515721017,0.8344112424265987,0.12626814241619125
7247,2,1,0.006359706246215849,0.7138477207319724,0.2797925730218117
7248,2,1,0.006503340045327899,0.6692906714688193,0.32420598848585275
7249,2,1,0.005679788153826867,0.7322369826287456,0.26208322921742755
7250,2,2,0.0038616649345767553,0.43031138740242275,0.5658269476630006
7251,0,1,0.22699155820748548,0.7607436594810977,0.012264782311416752
7252,2,1,0.0060371191454366,0.7599342078001976,0.23402867305436573
7253,2,1,0.20606290389569226,0.7833111335076457,0.01062596259666219
7254,0,0,0.5201443586369322,0.4739111186587603,0.005944522704307536
7255,2,1,0.01926003265823434,0.8374957235259233,0.14324424381584247
7256,0,1,0.06715099553362246,0.9189497009185824,0.013899303547795212
7257,1,1,0.006515343374678857,0.5907944122140416,0.40269024441127943
7258,2,1,0.03190108085077079,0.8051668657207012,0.16293205342852818
7259,2,1,0.011692130062481898,0.7990879171703108,0.18921995276720724
7260,0,1,0.08991787562731225,0.8788818265596525,0.031200297813035138
7261,0,1,0.1265334485840682,0.8267829063098441,0.046683645106087794
7262,2,1,0.04185136664765407,0.8715848079135566,0.08656382543878918
7263,0,2,0.008293515607265262,0.25059844804753073,0.7411080363452041
7264,1,1,0.04809200830014088,0.6842532661036,0.2676547255962592
7265,0,1,0.02111700218337132,0.8970898614066736,0.08179313640995513
7266,2,1,0.02813864391608833,0.9088756288255959,0.06298572725831572
7267,2,1,0.0758299541117336,0.8650045388442225,0.05916550704404391
7268,2,1,0.01242547300000289,0.8070446785250108,0.18052984847498624
7269,2,1,0.07560963629145098,0.8526087653801685,0.07178159832838041
7270,0,1,0.12561773365620924,0.8122016672825942,0.06218059906119649
7271,2,1,0.016729949241506385,0.5915138451608454,0.3917562055976483
7272,2,1,0.022040595423595193,0.9552782051734416,0.022681199402963256
7273,2,2,0.0011545881121066554,0.27379183722262845,0.7250535746652648
7274,0,1,0.26481546791811406,0.7266235482990497,0.008560983782836094
7275,0,1,0.017577115254649875,0.9692851541885513,0.013137730556798835
7276,2,1,0.00621548075673354,0.9237020605386049,0.07008245870466157
7277,1,2,0.002359155445590153,0.2826577963207472,0.7149830482336627
7278,0,1,0.24030051373173722,0.7594159894059304,0.0002834968623324745
7279,2,1,0.19146408213279978,0.7787198168644259,0.02981610100277422
7280,1,1,0.4261782411036448,0.5681334944427612,0.005688264453593996
7281,0,1,0.13509020411554765,0.8597026598093929,0.005207136075059404
7282,2,1,0.0094310742456647,0.774599876329156,0.21596904942517933
7283,2,1,0.039961875261499295,0.9522585914439919,0.007779533294508635
7284,0,1,0.028390971257798714,0.7838387035788593,0.18777032516334194
7285,1,1,0.11939494778331512,0.7663068155340967,0.11429823668258815
7286,2,1,0.0036479859379446467,0.639556083413806,0.35679593064824944
7287,0,1,0.1965196328720203,0.7413057364340374,0.06217463069394237
7288,2,1,0.030314810111589707,0.9569466365563776,0.01273855333203273
7289,1,1,0.11607350427278866,0.836630448824237,0.04729604690297451
7290,2,1,0.28336764876743437,0.7075398209433336,0.009092530289232112
7291,2,2,0.0002943761879612503,0.16375586573323275,0.8359497580788059
7292,0,1,0.03598721740642382,0.859085297729854,0.10492748486372222
7293,1,1,0.018578054894636726,0.6349922534685077,0.34642969163685555
7294,0,1,0.06268367533662489,0.8993690700924275,0.03794725457094749
7295,2,1,0.11683648174522705,0.7713439909955874,0.11181952725918562
7296,0,1,0.24464194563366737,0.7507725537266666,0.004585500639665997
7297,2,1,0.10597738343031186,0.8915508130604192,0.0024718035092689133
7298,0,1,0.11174984131978989,0.7671546273315016,0.12109553134870837
7299,1,1,0.24491534192555622,0.7355206693042509,0.01956398877019289
7300,0,1,0.13156863799988092,0.8660755782163765,0.002355783783742695
7301,0,1,0.11467152709461342,0.8085911856774275,0.07673728722795915
7302,2,2,0.004400664117963926,0.3297151440005498,0.6658841918814863
7303,0,1,0.02910784790770821,0.9564833884525772,0.014408763639714604
7304,2,1,0.025670523373413842,0.9677590603342389,0.006570416292347434
7305,2,2,0.006576563667131358,0.3434456986350244,0.6499777376978442
7306,0,1,0.26857385392604083,0.7211340767478522,0.010292069326107068
7307,1,1,0.15382282267822908,0.8427963683054199,0.0033808090163508363
7308,1,1,0.024242214203116015,0.8830700852521339,0.09268770054474995
7309,2,1,0.12923591896784578,0.8102398915257686,0.06052418950638563
7310,2,1,0.01143704801921651,0.7908893149141915,0.19767363706659202
7311,2,1,0.08431783563032526,0.7407156826787507,0.1749664816909242
7312,1,1,0.029041498533211828,0.6986423248217828,0.2723161766450054
7313,2,1,0.0557252073775971,0.8752977447938121,0.06897704782859089
7314,0,0,0.5504142863080577,0.4491587880186692,0.0004269256732731967
7315,0,1,0.014325586270917848,0.9598478026150572,0.025826611114024973
7316,2,1,0.027344243456758538,0.8234606677325004,0.149195088810741
7317,2,1,0.08349576932132675,0.9139731382119425,0.0025310924667308055
7318,0,0,0.5033648737799055,0.48865175660947757,0.00798336961061703
7319,0,1,0.05218786806999088,0.583756685097379,0.36405544683263014
7320,2,1,0.01102981515925624,0.8079631016684977,0.1810070831722461
7321,2,1,0.027182936919446298,0.8105640319887637,0.16225303109179015
7322,1,2,0.0014484126804317752,0.41682740899204024,0.581724178327528
7323,2,1,0.0041179732929944955,0.7268065338286029,0.2690754928784026
7324,2,1,0.008188898591139455,0.9282498169189211,0.0635612844899395
7325,0,1,0.003111340419594309,0.5612260127760026,0.4356626468044031
7326,2,1,0.0300438681581781,0.7552173522012849,0.214738779640537
7327,0,1,0.042234603416444784,0.8930929856907107,0.06467241089284433
7328,2,1,0.140161927915034,0.8419109968352502,0.01792707524971574
7329,2,1,0.04955963181026855,0.9100762096323805,0.040364158557350996
7330,2,1,0.006820587497046261,0.6128064071392049,0.38037300536374896
7331,2,1,0.15220741403250163,0.7825953406415149,0.06519724532598359
7332,1,1,0.022248453118043306,0.7053629200477514,0.27238862683420534
7333,2,1,0.1836326266698788,0.8147081892447248,0.0016591840853963904
7334,2,1,0.020374067762411702,0.6908064811103304,0.28881945112725793
7335,1,1,0.017141199262808292,0.9680853955799937,0.01477340515719791
7336,0,0,0.6095824573867189,0.3858963413268944,0.004521201286386669
7337,0,1,0.029188248055504084,0.5620756743935741,0.4087360775509218
7338,0,1,0.0610207364815754,0.936952241836762,0.0020270216816627015
7339,0,1,0.09854614178833705,0.8900514149984274,0.011402443213235582
7340,2,2,0.0077282217328236815,0.3579245414861182,0.6343472367810582
7341,2,1,0.03457924152528761,0.9579302714934647,0.007490486981247794
7342,1,1,0.006983359250653494,0.7371427099119415,0.25587393083740506
7343,2,1,0.011352713715067648,0.6884128039547782,0.30023448233015415
7344,2,2,0.004468052836512402,0.46149640988973994,0.5340355372737476
7345,2,1,0.11989327313030895,0.8221328720028286,0.05797385486686249
7346,0,1,0.024880833439045107,0.9049655478334769,0.07015361872747794
7347,1,1,0.2268208143395459,0.7728169249297393,0.0003622607307147128
7348,1,1,0.10106046841405937,0.8334676780166849,0.06547185356925589
7349,1,1,0.007099536220560115,0.7714120318352196,0.22148843194422047
7350,2,1,0.005983989682789966,0.597557137375402,0.3964588729418081
7351,1,1,0.16295233796869493,0.8340586098367322,0.002989052194572777
7352,2,1,0.020880179912210386,0.9495432936848622,0.02957652640292734
7353,1,1,0.07185905556150277,0.8733929901339732,0.05474795430452401
7354,2,1,0.11787269395675098,0.7579325169003533,0.12419478914289554
7355,2,1,0.07883815741210078,0.7220112621536021,0.19915058043429712
7356,2,1,0.052536791301760304,0.9341602659656443,0.013302942732595488
7357,2,1,0.00637929341627285,0.9338519496694535,0.059768756914273656
7358,0,0,0.5232025291276781,0.47624710575813456,0.0005503651141874551
7359,1,1,0.3265385784287064,0.6530285487385407,0.020432872832752986
7360,0,1,0.29699588276764577,0.6556601127750633,0.04734400445729104
7361,2,1,0.09337877244678153,0.8311320633675074,0.07548916418571099
7362,1,1,0.029024702325732996,0.9649131783712308,0.006062119303036161
7363,1,1,0.018066132675877023,0.9748951053354348,0.007038761988688176
7364,2,1,0.2211079897963309,0.7557837763465349,0.023108233857134095
7365,2,1,0.010780996428405482,0.5323092101936358,0.45690979337795873
7366,0,1,0.003465826541994621,0.5741295767609153,0.42240459669709013
7367,2,1,0.013008373168535587,0.7422842195980727,0.24470740723339157
7368,0,1,0.04857176756260192,0.9289553552871095,0.022472877150288575
7369,1,1,0.017404857310110194,0.6488558529412368,0.3337392897486531
7370,0,1,0.04931608233296365,0.8467059620980075,0.10397795556902864
7371,2,2,0.0013297572570857774,0.30460826215822123,0.694061980584693
7372,1,0,0.6236497115980896,0.3745163177219128,0.0018339706799977349
7373,0,1,0.13695121025804624,0.8063549304831178,0.056693859258836
7374,2,2,0.012435020217464888,0.41046373012582116,0.5771012496567139
7375,1,1,0.010414047792089211,0.959831928613718,0.02975402359419278
7376,0,1,0.4304685245963281,0.5565962788794587,0.01293519652421321
7377,2,1,0.02592225908709152,0.7219995995324268,0.2520781413804816
7378,0,1,0.10161475612997174,0.8851916510859855,0.013193592784042854
7379,2,1,0.009980320272570002,0.6114567108455099,0.3785629688819201
7380,0,1,0.17385198152338843,0.8243043977676162,0.001843620708995248
7381,0,1,0.07323650678052061,0.8783249548889543,0.04843853833052497
7382,2,1,0.004606153627497593,0.9695500186691087,0.02584382770339378
7383,1,1,0.025370015172168327,0.954644340634582,0.019985644193249642
7384,0,1,0.03291017554474406,0.8305649943944378,0.1365248300608181
7385,2,1,0.004378451768950971,0.5964508032761417,0.39917074495490723
7386,0,1,0.02307718696048517,0.7637096504606021,0.21321316257891285
7387,2,1,0.05761766278902954,0.8822159431900304,0.060166394020940074
7388,1,1,0.03354265444496502,0.9518320568995844,0.014625288655450562
7389,0,1,0.2545243746999618,0.7358454702636124,0.009630155036425916
7390,0,1,0.03010573154238969,0.8900873009285691,0.07980696752904115
7391,0,1,0.09925227681606752,0.8978576828450774,0.002890040338855143
7392,0,1,0.1868010312984269,0.7893662764299783,0.023832692271594805
7393,1,1,0.06996730915086427,0.7742491795901393,0.15578351125899642
7394,0,1,0.006089869200578997,0.5476801708759665,0.44622995992345454
7395,0,1,0.314206197249285,0.6630689158060346,0.02272488694468046
7396,2,2,0.014156054920549463,0.47536505721579647,0.5104788878636541
7397,2,1,0.0032891417597742823,0.8884124559473204,0.10829840229290524
7398,2,1,0.011928462743526243,0.9537976092103541,0.03427392804611963
7399,2,1,0.012012319199871816,0.6333723694691322,0.35461531133099594
7400,0,1,0.2006483097549451,0.7727299743944926,0.026621715850562198
7401,2,2,0.0010299024622415626,0.45159723024554743,0.547372867292211
7402,0,1,0.11049549737106393,0.822778182077455,0.0667263205514811
7403,2,1,0.03834159991524999,0.9522580251201505,0.009400374964599587
7404,2,1,0.008103157045573371,0.7489713540992029,0.24292548885522372
7405,2,1,0.03794240210288865,0.8096592188007045,0.15239837909640686
7406,1,1,0.01846900170250209,0.9529159730695906,0.02861502522790728
7407,1,1,0.07600583097250822,0.9175055671827079,0.006488601844783947
7408,0,1,0.013752485283338847,0.9733922068206676,0.012855307895993413
7409,2,1,0.24330783422907198,0.7483710938310596,0.008321071939868526
7410,0,0,0.5842507131368798,0.4108712154283122,0.004878071434808029
7411,1,1,0.03101816571739142,0.9629853446364761,0.005996489646132415
7412,1,2,0.0010296369823192828,0.34690231002363675,0.652068052994044
7413,0,1,0.03924075582676506,0.942604610311029,0.018154633862205862
7414,0,1,0.01669840495345467,0.7129326518351764,0.2703689432113689
7415,0,1,0.068704980435526,0.87726916961837,0.054025849946103995
7416,2,1,0.07606310923860718,0.7460937308779234,0.1778431598834695
7417,1,1,0.28756718668722975,0.6984463201481415,0.013986493164628815
7418,2,1,0.007541360817538594,0.8799885442269858,0.1124700949554756
7419,0,1,0.01989383644363573,0.7337808291938653,0.24632533436249898
7420,0,1,0.3448212034294556,0.6331125498793294,0.02206624669121502
7421,1,1,0.047962157028092485,0.8907827859510036,0.06125505702090393
7422,1,2,0.0019271700273617892,0.2601038550646606,0.7379689749079776
